0.000000000000000000e+00,1.000000000000000000e+00,3.828119933605194092e-01,3.876950144767761230e-01,1.000000000000000000e+00,4.316410124301910400e-01,1.000000000000000000e+00,1.000000000000000000e+00,1.000000000000000000e+00,1.000000000000000000e+00,1.000000000000000000e+00,4.628910124301910400e-01,1.000000000000000000e+00,4.721679985523223877e-01,1.000000000000000000e+00,1.000000000000000000e+00,3.891600072383880615e-01,1.000000000000000000e+00,1.000000000000000000e+00,1.000000000000000000e+00,1.000000000000000000e+00,1.000000000000000000e+00,1.000000000000000000e+00,1.000000000000000000e+00,1.000000000000000000e+00,1.000000000000000000e+00,1.000000000000000000e+00,1.000000000000000000e+00,1.000000000000000000e+00,1.000000000000000000e+00,1.000000000000000000e+00,1.000000000000000000e+00,1.000000000000000000e+00,1.000000000000000000e+00,1.000000000000000000e+00,1.000000000000000000e+00,1.000000000000000000e+00,1.000000000000000000e+00,1.000000000000000000e+00,1.000000000000000000e+00,1.000000000000000000e+00,1.000000000000000000e+00,1.000000000000000000e+00,1.000000000000000000e+00,1.000000000000000000e+00,1.000000000000000000e+00,1.000000000000000000e+00,1.000000000000000000e+00,1.000000000000000000e+00,1.000000000000000000e+00,1.000000000000000000e+00,1.000000000000000000e+00,1.000000000000000000e+00,1.000000000000000000e+00,1.000000000000000000e+00,1.000000000000000000e+00,1.000000000000000000e+00,1.000000000000000000e+00,4.335939884185791016e-01,1.000000000000000000e+00,1.000000000000000000e+00,4.277339875698089600e-01,4.555659890174865723e-01,1.000000000000000000e+00,1.000000000000000000e+00,4.487299919128417969e-01,4.052729904651641846e-01,3.969730138778686523e-01,1.000000000000000000e+00,1.000000000000000000e+00,1.000000000000000000e+00,1.000000000000000000e+00,1.000000000000000000e+00,1.000000000000000000e+00,4.243159890174865723e-01,1.000000000000000000e+00,4.365229904651641846e-01,1.000000000000000000e+00,4.599609971046447754e-01,1.000000000000000000e+00,1.000000000000000000e+00,1.000000000000000000e+00,1.000000000000000000e+00,1.000000000000000000e+00,1.000000000000000000e+00,1.000000000000000000e+00,1.000000000000000000e+00,4.267579913139343262e-01,1.000000000000000000e+00,3.974609971046447754e-01,4.238280057907104492e-01,4.428710043430328369e-01,4.394530057907104492e-01,1.000000000000000000e+00,1.000000000000000000e+00,1.000000000000000000e+00,1.000000000000000000e+00
1.000000000000000000e+00,0.000000000000000000e+00,1.000000000000000000e+00,3.940429985523223877e-01,1.000000000000000000e+00,4.018549919128417969e-01,1.000000000000000000e+00,1.000000000000000000e+00,1.000000000000000000e+00,1.000000000000000000e+00,1.000000000000000000e+00,1.000000000000000000e+00,1.000000000000000000e+00,1.000000000000000000e+00,1.000000000000000000e+00,1.000000000000000000e+00,3.974609971046447754e-01,1.000000000000000000e+00,1.000000000000000000e+00,4.521479904651641846e-01,4.633789956569671631e-01,4.389649927616119385e-01,4.350590109825134277e-01,4.536130130290985107e-01,4.755859971046447754e-01,1.000000000000000000e+00,4.565429985523223877e-01,1.000000000000000000e+00,4.570310115814208984e-01,4.755859971046447754e-01,4.707030057907104492e-01,1.000000000000000000e+00,1.000000000000000000e+00,1.000000000000000000e+00,1.000000000000000000e+00,1.000000000000000000e+00,1.000000000000000000e+00,4.526369869709014893e-01,4.462890028953552246e-01,4.389649927616119385e-01,4.428710043430328369e-01,4.355469942092895508e-01,4.389649927616119385e-01,4.389649927616119385e-01,4.433589875698089600e-01,4.746089875698089600e-01,4.467769861221313477e-01,4.238280057907104492e-01,4.262700080871582031e-01,4.291990101337432861e-01,4.409179985523223877e-01,4.433589875698089600e-01,1.000000000000000000e+00,1.000000000000000000e+00,1.000000000000000000e+00,1.000000000000000000e+00,1.000000000000000000e+00,1.000000000000000000e+00,4.604490101337432861e-01,1.000000000000000000e+00,1.000000000000000000e+00,1.000000000000000000e+00,1.000000000000000000e+00,1.000000000000000000e+00,1.000000000000000000e+00,4.736329913139343262e-01,1.000000000000000000e+00,1.000000000000000000e+00,1.000000000000000000e+00,1.000000000000000000e+00,1.000000000000000000e+00,1.000000000000000000e+00,1.000000000000000000e+00,1.000000000000000000e+00,4.462890028953552246e-01,1.000000000000000000e+00,4.272460043430328369e-01,4.130859971046447754e-01,1.000000000000000000e+00,1.000000000000000000e+00,1.000000000000000000e+00,1.000000000000000000e+00,1.000000000000000000e+00,4.750980138778686523e-01,1.000000000000000000e+00,1.000000000000000000e+00,1.000000000000000000e+00,1.000000000000000000e+00,1.000000000000000000e+00,1.000000000000000000e+00,1.000000000000000000e+00,1.000000000000000000e+00,4.331049919128417969e-01,1.000000000000000000e+00,4.287109971046447754e-01,4.169920086860656738e-01,1.000000000000000000e+00
3.828119933605194092e-01,1.000000000000000000e+00,0.000000000000000000e+00,4.101560115814208984e-01,1.000000000000000000e+00,1.000000000000000000e+00,1.000000000000000000e+00,1.000000000000000000e+00,1.000000000000000000e+00,1.000000000000000000e+00,1.000000000000000000e+00,4.501950144767761230e-01,1.000000000000000000e+00,4.575200080871582031e-01,1.000000000000000000e+00,1.000000000000000000e+00,4.340820014476776123e-01,1.000000000000000000e+00,4.291990101337432861e-01,1.000000000000000000e+00,1.000000000000000000e+00,1.000000000000000000e+00,1.000000000000000000e+00,1.000000000000000000e+00,1.000000000000000000e+00,1.000000000000000000e+00,1.000000000000000000e+00,1.000000000000000000e+00,1.000000000000000000e+00,1.000000000000000000e+00,1.000000000000000000e+00,1.000000000000000000e+00,1.000000000000000000e+00,1.000000000000000000e+00,1.000000000000000000e+00,1.000000000000000000e+00,1.000000000000000000e+00,1.000000000000000000e+00,1.000000000000000000e+00,1.000000000000000000e+00,1.000000000000000000e+00,1.000000000000000000e+00,1.000000000000000000e+00,1.000000000000000000e+00,1.000000000000000000e+00,1.000000000000000000e+00,1.000000000000000000e+00,1.000000000000000000e+00,1.000000000000000000e+00,1.000000000000000000e+00,1.000000000000000000e+00,1.000000000000000000e+00,1.000000000000000000e+00,4.531250000000000000e-01,1.000000000000000000e+00,1.000000000000000000e+00,1.000000000000000000e+00,1.000000000000000000e+00,4.531250000000000000e-01,1.000000000000000000e+00,1.000000000000000000e+00,4.365229904651641846e-01,4.497070014476776123e-01,1.000000000000000000e+00,1.000000000000000000e+00,4.624019861221313477e-01,4.033200144767761230e-01,4.291990101337432861e-01,1.000000000000000000e+00,1.000000000000000000e+00,1.000000000000000000e+00,1.000000000000000000e+00,1.000000000000000000e+00,1.000000000000000000e+00,4.194340109825134277e-01,1.000000000000000000e+00,4.462890028953552246e-01,1.000000000000000000e+00,4.853520095348358154e-01,1.000000000000000000e+00,1.000000000000000000e+00,1.000000000000000000e+00,1.000000000000000000e+00,1.000000000000000000e+00,1.000000000000000000e+00,1.000000000000000000e+00,1.000000000000000000e+00,4.199219942092895508e-01,1.000000000000000000e+00,4.228520095348358154e-01,4.394530057907104492e-01,4.604490101337432861e-01,4.589839875698089600e-01,1.000000000000000000e+00,1.000000000000000000e+00,1.000000000000000000e+00,1.000000000000000000e+00
3.876950144767761230e-01,3.940429985523223877e-01,4.101560115814208984e-01,0.000000000000000000e+00,1.000000000000000000e+00,3.759770095348358154e-01,1.000000000000000000e+00,1.000000000000000000e+00,1.000000000000000000e+00,1.000000000000000000e+00,1.000000000000000000e+00,4.306640028953552246e-01,1.000000000000000000e+00,1.000000000000000000e+00,1.000000000000000000e+00,1.000000000000000000e+00,4.291990101337432861e-01,1.000000000000000000e+00,1.000000000000000000e+00,4.477539956569671631e-01,1.000000000000000000e+00,1.000000000000000000e+00,1.000000000000000000e+00,1.000000000000000000e+00,1.000000000000000000e+00,1.000000000000000000e+00,4.541020095348358154e-01,1.000000000000000000e+00,1.000000000000000000e+00,1.000000000000000000e+00,1.000000000000000000e+00,1.000000000000000000e+00,1.000000000000000000e+00,1.000000000000000000e+00,1.000000000000000000e+00,1.000000000000000000e+00,1.000000000000000000e+00,4.746089875698089600e-01,4.614259898662567139e-01,4.228520095348358154e-01,1.000000000000000000e+00,4.252929985523223877e-01,4.296880066394805908e-01,4.150390028953552246e-01,4.565429985523223877e-01,1.000000000000000000e+00,4.482420086860656738e-01,4.233399927616119385e-01,4.296880066394805908e-01,4.306640028953552246e-01,1.000000000000000000e+00,1.000000000000000000e+00,1.000000000000000000e+00,1.000000000000000000e+00,1.000000000000000000e+00,1.000000000000000000e+00,1.000000000000000000e+00,1.000000000000000000e+00,4.541020095348358154e-01,1.000000000000000000e+00,1.000000000000000000e+00,1.000000000000000000e+00,4.301759898662567139e-01,1.000000000000000000e+00,1.000000000000000000e+00,4.565429985523223877e-01,4.316410124301910400e-01,1.000000000000000000e+00,1.000000000000000000e+00,1.000000000000000000e+00,1.000000000000000000e+00,1.000000000000000000e+00,1.000000000000000000e+00,1.000000000000000000e+00,4.233399927616119385e-01,1.000000000000000000e+00,4.541020095348358154e-01,4.204100072383880615e-01,1.000000000000000000e+00,1.000000000000000000e+00,1.000000000000000000e+00,1.000000000000000000e+00,1.000000000000000000e+00,1.000000000000000000e+00,1.000000000000000000e+00,1.000000000000000000e+00,1.000000000000000000e+00,4.111329913139343262e-01,1.000000000000000000e+00,4.199219942092895508e-01,4.218750000000000000e-01,4.506840109825134277e-01,4.609380066394805908e-01,1.000000000000000000e+00,4.399409890174865723e-01,4.311519861221313477e-01,1.000000000000000000e+00
1.000000000000000000e+00,1.000000000000000000e+00,1.000000000000000000e+00,1.000000000000000000e+00,0.000000000000000000e+00,1.000000000000000000e+00,4.042969942092895508e-01,4.208979904651641846e-01,1.000000000000000000e+00,1.000000000000000000e+00,1.000000000000000000e+00,1.000000000000000000e+00,1.000000000000000000e+00,1.000000000000000000e+00,1.000000000000000000e+00,1.000000000000000000e+00,1.000000000000000000e+00,1.000000000000000000e+00,4.550780057907104492e-01,1.000000000000000000e+00,1.000000000000000000e+00,1.000000000000000000e+00,1.000000000000000000e+00,1.000000000000000000e+00,1.000000000000000000e+00,1.000000000000000000e+00,1.000000000000000000e+00,1.000000000000000000e+00,1.000000000000000000e+00,1.000000000000000000e+00,1.000000000000000000e+00,1.000000000000000000e+00,1.000000000000000000e+00,1.000000000000000000e+00,1.000000000000000000e+00,1.000000000000000000e+00,1.000000000000000000e+00,1.000000000000000000e+00,1.000000000000000000e+00,1.000000000000000000e+00,1.000000000000000000e+00,1.000000000000000000e+00,1.000000000000000000e+00,1.000000000000000000e+00,1.000000000000000000e+00,1.000000000000000000e+00,1.000000000000000000e+00,1.000000000000000000e+00,1.000000000000000000e+00,1.000000000000000000e+00,1.000000000000000000e+00,1.000000000000000000e+00,1.000000000000000000e+00,4.360350072383880615e-01,4.272460043430328369e-01,4.492189884185791016e-01,1.000000000000000000e+00,1.000000000000000000e+00,1.000000000000000000e+00,4.365229904651641846e-01,1.000000000000000000e+00,1.000000000000000000e+00,1.000000000000000000e+00,1.000000000000000000e+00,4.472660124301910400e-01,1.000000000000000000e+00,1.000000000000000000e+00,1.000000000000000000e+00,1.000000000000000000e+00,4.658200144767761230e-01,4.243159890174865723e-01,1.000000000000000000e+00,4.433589875698089600e-01,4.321289956569671631e-01,1.000000000000000000e+00,4.145509898662567139e-01,1.000000000000000000e+00,1.000000000000000000e+00,1.000000000000000000e+00,1.000000000000000000e+00,1.000000000000000000e+00,1.000000000000000000e+00,4.228520095348358154e-01,1.000000000000000000e+00,1.000000000000000000e+00,4.726560115814208984e-01,4.638670086860656738e-01,1.000000000000000000e+00,1.000000000000000000e+00,1.000000000000000000e+00,1.000000000000000000e+00,1.000000000000000000e+00,1.000000000000000000e+00,4.609380066394805908e-01,1.000000000000000000e+00,1.000000000000000000e+00,1.000000000000000000e+00
4.316410124301910400e-01,4.018549919128417969e-01,1.000000000000000000e+00,3.759770095348358154e-01,1.000000000000000000e+00,0.000000000000000000e+00,1.000000000000000000e+00,1.000000000000000000e+00,1.000000000000000000e+00,1.000000000000000000e+00,1.000000000000000000e+00,4.326170086860656738e-01,1.000000000000000000e+00,1.000000000000000000e+00,1.000000000000000000e+00,1.000000000000000000e+00,4.174799919128417969e-01,1.000000000000000000e+00,1.000000000000000000e+00,4.643549919128417969e-01,4.648439884185791016e-01,4.511719942092895508e-01,4.257810115814208984e-01,1.000000000000000000e+00,4.838869869709014893e-01,1.000000000000000000e+00,4.550780057907104492e-01,1.000000000000000000e+00,4.741210043430328369e-01,4.731450080871582031e-01,4.741210043430328369e-01,1.000000000000000000e+00,1.000000000000000000e+00,1.000000000000000000e+00,1.000000000000000000e+00,1.000000000000000000e+00,1.000000000000000000e+00,4.697270095348358154e-01,4.672850072383880615e-01,4.267579913139343262e-01,4.453119933605194092e-01,4.282230138778686523e-01,4.511719942092895508e-01,4.335939884185791016e-01,4.487299919128417969e-01,4.516600072383880615e-01,4.296880066394805908e-01,4.458009898662567139e-01,4.423829913139343262e-01,4.521479904651641846e-01,1.000000000000000000e+00,4.409179985523223877e-01,1.000000000000000000e+00,1.000000000000000000e+00,1.000000000000000000e+00,1.000000000000000000e+00,1.000000000000000000e+00,1.000000000000000000e+00,4.423829913139343262e-01,1.000000000000000000e+00,1.000000000000000000e+00,1.000000000000000000e+00,1.000000000000000000e+00,1.000000000000000000e+00,1.000000000000000000e+00,4.438480138778686523e-01,4.277339875698089600e-01,1.000000000000000000e+00,1.000000000000000000e+00,1.000000000000000000e+00,1.000000000000000000e+00,1.000000000000000000e+00,1.000000000000000000e+00,1.000000000000000000e+00,4.135740101337432861e-01,1.000000000000000000e+00,4.384770095348358154e-01,4.213869869709014893e-01,1.000000000000000000e+00,1.000000000000000000e+00,1.000000000000000000e+00,1.000000000000000000e+00,1.000000000000000000e+00,4.697270095348358154e-01,1.000000000000000000e+00,1.000000000000000000e+00,1.000000000000000000e+00,4.248049855232238770e-01,1.000000000000000000e+00,4.296880066394805908e-01,4.169920086860656738e-01,4.467769861221313477e-01,4.619140028953552246e-01,1.000000000000000000e+00,4.448240101337432861e-01,4.282230138778686523e-01,1.000000000000000000e+00
1.000000000000000000e+00,1.000000000000000000e+00,1.000000000000000000e+00,1.000000000000000000e+00,4.042969942092895508e-01,1.000000000000000000e+00,0.000000000000000000e+00,3.671880066394805908e-01,4.648439884185791016e-01,4.609380066394805908e-01,1.000000000000000000e+00,1.000000000000000000e+00,4.501950144767761230e-01,1.000000000000000000e+00,1.000000000000000000e+00,4.296880066394805908e-01,1.000000000000000000e+00,1.000000000000000000e+00,1.000000000000000000e+00,1.000000000000000000e+00,1.000000000000000000e+00,1.000000000000000000e+00,1.000000000000000000e+00,1.000000000000000000e+00,1.000000000000000000e+00,1.000000000000000000e+00,1.000000000000000000e+00,4.833979904651641846e-01,1.000000000000000000e+00,1.000000000000000000e+00,1.000000000000000000e+00,1.000000000000000000e+00,4.707030057907104492e-01,4.438480138778686523e-01,1.000000000000000000e+00,1.000000000000000000e+00,1.000000000000000000e+00,1.000000000000000000e+00,1.000000000000000000e+00,1.000000000000000000e+00,1.000000000000000000e+00,1.000000000000000000e+00,1.000000000000000000e+00,1.000000000000000000e+00,1.000000000000000000e+00,1.000000000000000000e+00,1.000000000000000000e+00,1.000000000000000000e+00,1.000000000000000000e+00,1.000000000000000000e+00,1.000000000000000000e+00,1.000000000000000000e+00,1.000000000000000000e+00,1.000000000000000000e+00,4.604490101337432861e-01,4.638670086860656738e-01,1.000000000000000000e+00,1.000000000000000000e+00,1.000000000000000000e+00,4.394530057907104492e-01,1.000000000000000000e+00,1.000000000000000000e+00,1.000000000000000000e+00,4.599609971046447754e-01,4.453119933605194092e-01,1.000000000000000000e+00,1.000000000000000000e+00,1.000000000000000000e+00,1.000000000000000000e+00,4.628910124301910400e-01,4.350590109825134277e-01,1.000000000000000000e+00,4.560549855232238770e-01,4.272460043430328369e-01,1.000000000000000000e+00,4.418950080871582031e-01,1.000000000000000000e+00,1.000000000000000000e+00,1.000000000000000000e+00,1.000000000000000000e+00,1.000000000000000000e+00,1.000000000000000000e+00,4.394530057907104492e-01,1.000000000000000000e+00,1.000000000000000000e+00,1.000000000000000000e+00,1.000000000000000000e+00,1.000000000000000000e+00,1.000000000000000000e+00,1.000000000000000000e+00,1.000000000000000000e+00,1.000000000000000000e+00,1.000000000000000000e+00,4.462890028953552246e-01,1.000000000000000000e+00,1.000000000000000000e+00,1.000000000000000000e+00
1.000000000000000000e+00,1.000000000000000000e+00,1.000000000000000000e+00,1.000000000000000000e+00,4.208979904651641846e-01,1.000000000000000000e+00,3.671880066394805908e-01,0.000000000000000000e+00,4.238280057907104492e-01,4.462890028953552246e-01,1.000000000000000000e+00,1.000000000000000000e+00,4.560549855232238770e-01,1.000000000000000000e+00,1.000000000000000000e+00,4.453119933605194092e-01,1.000000000000000000e+00,1.000000000000000000e+00,1.000000000000000000e+00,1.000000000000000000e+00,1.000000000000000000e+00,1.000000000000000000e+00,1.000000000000000000e+00,1.000000000000000000e+00,1.000000000000000000e+00,1.000000000000000000e+00,1.000000000000000000e+00,4.609380066394805908e-01,1.000000000000000000e+00,1.000000000000000000e+00,1.000000000000000000e+00,1.000000000000000000e+00,4.648439884185791016e-01,4.624019861221313477e-01,1.000000000000000000e+00,1.000000000000000000e+00,1.000000000000000000e+00,1.000000000000000000e+00,1.000000000000000000e+00,1.000000000000000000e+00,1.000000000000000000e+00,1.000000000000000000e+00,1.000000000000000000e+00,1.000000000000000000e+00,1.000000000000000000e+00,1.000000000000000000e+00,1.000000000000000000e+00,1.000000000000000000e+00,1.000000000000000000e+00,1.000000000000000000e+00,1.000000000000000000e+00,1.000000000000000000e+00,1.000000000000000000e+00,1.000000000000000000e+00,4.487299919128417969e-01,4.736329913139343262e-01,1.000000000000000000e+00,1.000000000000000000e+00,1.000000000000000000e+00,4.375000000000000000e-01,1.000000000000000000e+00,1.000000000000000000e+00,1.000000000000000000e+00,1.000000000000000000e+00,4.511719942092895508e-01,1.000000000000000000e+00,1.000000000000000000e+00,1.000000000000000000e+00,1.000000000000000000e+00,4.648439884185791016e-01,4.243159890174865723e-01,1.000000000000000000e+00,4.218750000000000000e-01,4.399409890174865723e-01,1.000000000000000000e+00,4.213869869709014893e-01,1.000000000000000000e+00,1.000000000000000000e+00,1.000000000000000000e+00,1.000000000000000000e+00,1.000000000000000000e+00,1.000000000000000000e+00,4.248049855232238770e-01,1.000000000000000000e+00,1.000000000000000000e+00,4.296880066394805908e-01,1.000000000000000000e+00,1.000000000000000000e+00,1.000000000000000000e+00,1.000000000000000000e+00,1.000000000000000000e+00,1.000000000000000000e+00,1.000000000000000000e+00,4.472660124301910400e-01,1.000000000000000000e+00,1.000000000000000000e+00,1.000000000000000000e+00
1.000000000000000000e+00,1.000000000000000000e+00,1.000000000000000000e+00,1.000000000000000000e+00,1.000000000000000000e+00,1.000000000000000000e+00,4.648439884185791016e-01,4.238280057907104492e-01,0.000000000000000000e+00,4.462890028953552246e-01,1.000000000000000000e+00,1.000000000000000000e+00,4.433589875698089600e-01,1.000000000000000000e+00,1.000000000000000000e+00,4.208979904651641846e-01,1.000000000000000000e+00,1.000000000000000000e+00,1.000000000000000000e+00,1.000000000000000000e+00,1.000000000000000000e+00,1.000000000000000000e+00,1.000000000000000000e+00,1.000000000000000000e+00,1.000000000000000000e+00,4.340820014476776123e-01,1.000000000000000000e+00,4.687500000000000000e-01,1.000000000000000000e+00,1.000000000000000000e+00,1.000000000000000000e+00,1.000000000000000000e+00,4.726560115814208984e-01,4.624019861221313477e-01,1.000000000000000000e+00,1.000000000000000000e+00,1.000000000000000000e+00,1.000000000000000000e+00,1.000000000000000000e+00,1.000000000000000000e+00,1.000000000000000000e+00,1.000000000000000000e+00,1.000000000000000000e+00,1.000000000000000000e+00,1.000000000000000000e+00,1.000000000000000000e+00,1.000000000000000000e+00,1.000000000000000000e+00,1.000000000000000000e+00,1.000000000000000000e+00,1.000000000000000000e+00,1.000000000000000000e+00,1.000000000000000000e+00,1.000000000000000000e+00,4.340820014476776123e-01,4.287109971046447754e-01,4.047850072383880615e-01,1.000000000000000000e+00,1.000000000000000000e+00,4.609380066394805908e-01,1.000000000000000000e+00,1.000000000000000000e+00,1.000000000000000000e+00,4.296880066394805908e-01,4.482420086860656738e-01,1.000000000000000000e+00,1.000000000000000000e+00,1.000000000000000000e+00,3.984380066394805908e-01,4.326170086860656738e-01,3.920899927616119385e-01,1.000000000000000000e+00,4.238280057907104492e-01,4.174799919128417969e-01,1.000000000000000000e+00,4.165039956569671631e-01,1.000000000000000000e+00,1.000000000000000000e+00,1.000000000000000000e+00,1.000000000000000000e+00,1.000000000000000000e+00,1.000000000000000000e+00,3.974609971046447754e-01,1.000000000000000000e+00,1.000000000000000000e+00,1.000000000000000000e+00,1.000000000000000000e+00,1.000000000000000000e+00,1.000000000000000000e+00,1.000000000000000000e+00,1.000000000000000000e+00,1.000000000000000000e+00,1.000000000000000000e+00,4.687500000000000000e-01,1.000000000000000000e+00,1.000000000000000000e+00,1.000000000000000000e+00
1.000000000000000000e+00,1.000000000000000000e+00,1.000000000000000000e+00,1.000000000000000000e+00,1.000000000000000000e+00,1.000000000000000000e+00,4.609380066394805908e-01,4.462890028953552246e-01,4.462890028953552246e-01,0.000000000000000000e+00,1.000000000000000000e+00,1.000000000000000000e+00,4.550780057907104492e-01,1.000000000000000000e+00,1.000000000000000000e+00,4.531250000000000000e-01,1.000000000000000000e+00,1.000000000000000000e+00,1.000000000000000000e+00,1.000000000000000000e+00,1.000000000000000000e+00,1.000000000000000000e+00,1.000000000000000000e+00,1.000000000000000000e+00,1.000000000000000000e+00,4.624019861221313477e-01,1.000000000000000000e+00,4.824219942092895508e-01,1.000000000000000000e+00,1.000000000000000000e+00,1.000000000000000000e+00,1.000000000000000000e+00,4.609380066394805908e-01,4.321289956569671631e-01,1.000000000000000000e+00,1.000000000000000000e+00,1.000000000000000000e+00,1.000000000000000000e+00,1.000000000000000000e+00,1.000000000000000000e+00,1.000000000000000000e+00,1.000000000000000000e+00,1.000000000000000000e+00,1.000000000000000000e+00,1.000000000000000000e+00,1.000000000000000000e+00,1.000000000000000000e+00,1.000000000000000000e+00,1.000000000000000000e+00,1.000000000000000000e+00,1.000000000000000000e+00,1.000000000000000000e+00,1.000000000000000000e+00,1.000000000000000000e+00,1.000000000000000000e+00,4.550780057907104492e-01,4.370119869709014893e-01,4.643549919128417969e-01,1.000000000000000000e+00,1.000000000000000000e+00,1.000000000000000000e+00,1.000000000000000000e+00,1.000000000000000000e+00,4.677729904651641846e-01,4.580079913139343262e-01,1.000000000000000000e+00,1.000000000000000000e+00,1.000000000000000000e+00,4.785160124301910400e-01,1.000000000000000000e+00,1.000000000000000000e+00,1.000000000000000000e+00,4.355469942092895508e-01,4.418950080871582031e-01,1.000000000000000000e+00,4.311519861221313477e-01,1.000000000000000000e+00,1.000000000000000000e+00,1.000000000000000000e+00,1.000000000000000000e+00,1.000000000000000000e+00,1.000000000000000000e+00,1.000000000000000000e+00,1.000000000000000000e+00,1.000000000000000000e+00,1.000000000000000000e+00,1.000000000000000000e+00,1.000000000000000000e+00,1.000000000000000000e+00,1.000000000000000000e+00,1.000000000000000000e+00,1.000000000000000000e+00,1.000000000000000000e+00,4.599609971046447754e-01,1.000000000000000000e+00,1.000000000000000000e+00,1.000000000000000000e+00
1.000000000000000000e+00,1.000000000000000000e+00,1.000000000000000000e+00,1.000000000000000000e+00,1.000000000000000000e+00,1.000000000000000000e+00,1.000000000000000000e+00,1.000000000000000000e+00,1.000000000000000000e+00,1.000000000000000000e+00,0.000000000000000000e+00,1.000000000000000000e+00,1.000000000000000000e+00,1.000000000000000000e+00,1.000000000000000000e+00,1.000000000000000000e+00,1.000000000000000000e+00,1.000000000000000000e+00,1.000000000000000000e+00,1.000000000000000000e+00,1.000000000000000000e+00,1.000000000000000000e+00,1.000000000000000000e+00,1.000000000000000000e+00,1.000000000000000000e+00,1.000000000000000000e+00,1.000000000000000000e+00,1.000000000000000000e+00,1.000000000000000000e+00,1.000000000000000000e+00,1.000000000000000000e+00,1.000000000000000000e+00,1.000000000000000000e+00,1.000000000000000000e+00,1.000000000000000000e+00,1.000000000000000000e+00,1.000000000000000000e+00,1.000000000000000000e+00,1.000000000000000000e+00,1.000000000000000000e+00,1.000000000000000000e+00,1.000000000000000000e+00,1.000000000000000000e+00,1.000000000000000000e+00,1.000000000000000000e+00,1.000000000000000000e+00,1.000000000000000000e+00,1.000000000000000000e+00,1.000000000000000000e+00,1.000000000000000000e+00,1.000000000000000000e+00,1.000000000000000000e+00,1.000000000000000000e+00,1.000000000000000000e+00,1.000000000000000000e+00,1.000000000000000000e+00,1.000000000000000000e+00,1.000000000000000000e+00,1.000000000000000000e+00,1.000000000000000000e+00,1.000000000000000000e+00,1.000000000000000000e+00,1.000000000000000000e+00,1.000000000000000000e+00,1.000000000000000000e+00,1.000000000000000000e+00,1.000000000000000000e+00,1.000000000000000000e+00,1.000000000000000000e+00,1.000000000000000000e+00,1.000000000000000000e+00,1.000000000000000000e+00,1.000000000000000000e+00,1.000000000000000000e+00,1.000000000000000000e+00,1.000000000000000000e+00,1.000000000000000000e+00,1.000000000000000000e+00,1.000000000000000000e+00,1.000000000000000000e+00,1.000000000000000000e+00,1.000000000000000000e+00,1.000000000000000000e+00,1.000000000000000000e+00,1.000000000000000000e+00,1.000000000000000000e+00,1.000000000000000000e+00,1.000000000000000000e+00,1.000000000000000000e+00,1.000000000000000000e+00,1.000000000000000000e+00,1.000000000000000000e+00,1.000000000000000000e+00,1.000000000000000000e+00,1.000000000000000000e+00,1.000000000000000000e+00,1.000000000000000000e+00
4.628910124301910400e-01,1.000000000000000000e+00,4.501950144767761230e-01,4.306640028953552246e-01,1.000000000000000000e+00,4.326170086860656738e-01,1.000000000000000000e+00,1.000000000000000000e+00,1.000000000000000000e+00,1.000000000000000000e+00,1.000000000000000000e+00,0.000000000000000000e+00,1.000000000000000000e+00,4.682619869709014893e-01,1.000000000000000000e+00,1.000000000000000000e+00,4.311519861221313477e-01,1.000000000000000000e+00,1.000000000000000000e+00,1.000000000000000000e+00,1.000000000000000000e+00,1.000000000000000000e+00,1.000000000000000000e+00,1.000000000000000000e+00,1.000000000000000000e+00,1.000000000000000000e+00,1.000000000000000000e+00,1.000000000000000000e+00,1.000000000000000000e+00,1.000000000000000000e+00,1.000000000000000000e+00,1.000000000000000000e+00,1.000000000000000000e+00,1.000000000000000000e+00,1.000000000000000000e+00,1.000000000000000000e+00,1.000000000000000000e+00,1.000000000000000000e+00,1.000000000000000000e+00,1.000000000000000000e+00,1.000000000000000000e+00,1.000000000000000000e+00,1.000000000000000000e+00,1.000000000000000000e+00,1.000000000000000000e+00,1.000000000000000000e+00,1.000000000000000000e+00,1.000000000000000000e+00,1.000000000000000000e+00,1.000000000000000000e+00,1.000000000000000000e+00,1.000000000000000000e+00,1.000000000000000000e+00,1.000000000000000000e+00,1.000000000000000000e+00,1.000000000000000000e+00,1.000000000000000000e+00,1.000000000000000000e+00,4.853520095348358154e-01,1.000000000000000000e+00,1.000000000000000000e+00,4.335939884185791016e-01,3.979490101337432861e-01,1.000000000000000000e+00,1.000000000000000000e+00,4.282230138778686523e-01,3.593750000000000000e-01,4.204100072383880615e-01,1.000000000000000000e+00,1.000000000000000000e+00,1.000000000000000000e+00,1.000000000000000000e+00,1.000000000000000000e+00,1.000000000000000000e+00,4.272460043430328369e-01,1.000000000000000000e+00,4.306640028953552246e-01,1.000000000000000000e+00,4.589839875698089600e-01,1.000000000000000000e+00,1.000000000000000000e+00,1.000000000000000000e+00,1.000000000000000000e+00,1.000000000000000000e+00,1.000000000000000000e+00,1.000000000000000000e+00,1.000000000000000000e+00,4.257810115814208984e-01,1.000000000000000000e+00,4.179689884185791016e-01,4.296880066394805908e-01,4.311519861221313477e-01,4.423829913139343262e-01,1.000000000000000000e+00,1.000000000000000000e+00,1.000000000000000000e+00,1.000000000000000000e+00
1.000000000000000000e+00,1.000000000000000000e+00,1.000000000000000000e+00,1.000000000000000000e+00,1.000000000000000000e+00,1.000000000000000000e+00,4.501950144767761230e-01,4.560549855232238770e-01,4.433589875698089600e-01,4.550780057907104492e-01,1.000000000000000000e+00,1.000000000000000000e+00,0.000000000000000000e+00,1.000000000000000000e+00,1.000000000000000000e+00,4.296880066394805908e-01,1.000000000000000000e+00,1.000000000000000000e+00,1.000000000000000000e+00,1.000000000000000000e+00,1.000000000000000000e+00,1.000000000000000000e+00,1.000000000000000000e+00,1.000000000000000000e+00,1.000000000000000000e+00,4.487299919128417969e-01,1.000000000000000000e+00,4.843750000000000000e-01,1.000000000000000000e+00,1.000000000000000000e+00,1.000000000000000000e+00,1.000000000000000000e+00,4.736329913139343262e-01,4.780269861221313477e-01,1.000000000000000000e+00,1.000000000000000000e+00,1.000000000000000000e+00,1.000000000000000000e+00,1.000000000000000000e+00,1.000000000000000000e+00,1.000000000000000000e+00,1.000000000000000000e+00,1.000000000000000000e+00,1.000000000000000000e+00,1.000000000000000000e+00,1.000000000000000000e+00,1.000000000000000000e+00,1.000000000000000000e+00,1.000000000000000000e+00,1.000000000000000000e+00,1.000000000000000000e+00,1.000000000000000000e+00,1.000000000000000000e+00,1.000000000000000000e+00,4.750980138778686523e-01,4.814450144767761230e-01,4.379880130290985107e-01,1.000000000000000000e+00,1.000000000000000000e+00,4.697270095348358154e-01,1.000000000000000000e+00,1.000000000000000000e+00,1.000000000000000000e+00,4.521479904651641846e-01,4.951170086860656738e-01,1.000000000000000000e+00,1.000000000000000000e+00,1.000000000000000000e+00,4.248049855232238770e-01,4.541020095348358154e-01,4.418950080871582031e-01,1.000000000000000000e+00,4.570310115814208984e-01,4.282230138778686523e-01,1.000000000000000000e+00,4.077149927616119385e-01,1.000000000000000000e+00,1.000000000000000000e+00,1.000000000000000000e+00,1.000000000000000000e+00,1.000000000000000000e+00,1.000000000000000000e+00,4.433589875698089600e-01,1.000000000000000000e+00,1.000000000000000000e+00,1.000000000000000000e+00,1.000000000000000000e+00,1.000000000000000000e+00,1.000000000000000000e+00,1.000000000000000000e+00,1.000000000000000000e+00,1.000000000000000000e+00,1.000000000000000000e+00,4.726560115814208984e-01,1.000000000000000000e+00,1.000000000000000000e+00,1.000000000000000000e+00
4.721679985523223877e-01,1.000000000000000000e+00,4.575200080871582031e-01,1.000000000000000000e+00,1.000000000000000000e+00,1.000000000000000000e+00,1.000000000000000000e+00,1.000000000000000000e+00,1.000000000000000000e+00,1.000000000000000000e+00,1.000000000000000000e+00,4.682619869709014893e-01,1.000000000000000000e+00,0.000000000000000000e+00,1.000000000000000000e+00,1.000000000000000000e+00,4.580079913139343262e-01,1.000000000000000000e+00,4.453119933605194092e-01,1.000000000000000000e+00,1.000000000000000000e+00,1.000000000000000000e+00,1.000000000000000000e+00,1.000000000000000000e+00,1.000000000000000000e+00,1.000000000000000000e+00,1.000000000000000000e+00,1.000000000000000000e+00,1.000000000000000000e+00,1.000000000000000000e+00,1.000000000000000000e+00,1.000000000000000000e+00,1.000000000000000000e+00,1.000000000000000000e+00,1.000000000000000000e+00,1.000000000000000000e+00,1.000000000000000000e+00,1.000000000000000000e+00,1.000000000000000000e+00,1.000000000000000000e+00,1.000000000000000000e+00,1.000000000000000000e+00,1.000000000000000000e+00,1.000000000000000000e+00,1.000000000000000000e+00,1.000000000000000000e+00,1.000000000000000000e+00,1.000000000000000000e+00,1.000000000000000000e+00,1.000000000000000000e+00,1.000000000000000000e+00,1.000000000000000000e+00,1.000000000000000000e+00,4.438480138778686523e-01,1.000000000000000000e+00,1.000000000000000000e+00,1.000000000000000000e+00,1.000000000000000000e+00,4.624019861221313477e-01,1.000000000000000000e+00,1.000000000000000000e+00,4.575200080871582031e-01,4.580079913139343262e-01,1.000000000000000000e+00,1.000000000000000000e+00,1.000000000000000000e+00,4.770509898662567139e-01,4.667969942092895508e-01,1.000000000000000000e+00,1.000000000000000000e+00,1.000000000000000000e+00,1.000000000000000000e+00,1.000000000000000000e+00,1.000000000000000000e+00,4.414060115814208984e-01,1.000000000000000000e+00,4.526369869709014893e-01,1.000000000000000000e+00,4.418950080871582031e-01,1.000000000000000000e+00,1.000000000000000000e+00,1.000000000000000000e+00,1.000000000000000000e+00,1.000000000000000000e+00,1.000000000000000000e+00,4.511719942092895508e-01,4.365229904651641846e-01,4.321289956569671631e-01,1.000000000000000000e+00,4.506840109825134277e-01,4.672850072383880615e-01,4.423829913139343262e-01,4.555659890174865723e-01,1.000000000000000000e+00,1.000000000000000000e+00,1.000000000000000000e+00,1.000000000000000000e+00
1.000000000000000000e+00,1.000000000000000000e+00,1.000000000000000000e+00,1.000000000000000000e+00,1.000000000000000000e+00,1.000000000000000000e+00,1.000000000000000000e+00,1.000000000000000000e+00,1.000000000000000000e+00,1.000000000000000000e+00,1.000000000000000000e+00,1.000000000000000000e+00,1.000000000000000000e+00,1.000000000000000000e+00,0.000000000000000000e+00,1.000000000000000000e+00,1.000000000000000000e+00,1.000000000000000000e+00,1.000000000000000000e+00,4.765619933605194092e-01,4.897460043430328369e-01,4.497070014476776123e-01,4.379880130290985107e-01,4.331049919128417969e-01,4.580079913139343262e-01,1.000000000000000000e+00,4.370119869709014893e-01,1.000000000000000000e+00,4.511719942092895508e-01,4.804689884185791016e-01,4.589839875698089600e-01,4.477539956569671631e-01,1.000000000000000000e+00,1.000000000000000000e+00,4.638670086860656738e-01,4.531250000000000000e-01,4.506840109825134277e-01,4.399409890174865723e-01,4.453119933605194092e-01,4.184570014476776123e-01,4.506840109825134277e-01,4.179689884185791016e-01,4.428710043430328369e-01,4.165039956569671631e-01,4.306640028953552246e-01,4.345700144767761230e-01,4.252929985523223877e-01,4.384770095348358154e-01,4.291990101337432861e-01,4.243159890174865723e-01,4.096679985523223877e-01,4.316410124301910400e-01,1.000000000000000000e+00,1.000000000000000000e+00,1.000000000000000000e+00,1.000000000000000000e+00,1.000000000000000000e+00,1.000000000000000000e+00,1.000000000000000000e+00,1.000000000000000000e+00,1.000000000000000000e+00,1.000000000000000000e+00,1.000000000000000000e+00,1.000000000000000000e+00,1.000000000000000000e+00,1.000000000000000000e+00,1.000000000000000000e+00,1.000000000000000000e+00,1.000000000000000000e+00,1.000000000000000000e+00,1.000000000000000000e+00,1.000000000000000000e+00,1.000000000000000000e+00,1.000000000000000000e+00,1.000000000000000000e+00,1.000000000000000000e+00,1.000000000000000000e+00,4.072270095348358154e-01,1.000000000000000000e+00,1.000000000000000000e+00,1.000000000000000000e+00,1.000000000000000000e+00,1.000000000000000000e+00,4.672850072383880615e-01,1.000000000000000000e+00,1.000000000000000000e+00,1.000000000000000000e+00,1.000000000000000000e+00,1.000000000000000000e+00,1.000000000000000000e+00,1.000000000000000000e+00,1.000000000000000000e+00,1.000000000000000000e+00,1.000000000000000000e+00,1.000000000000000000e+00,4.042969942092895508e-01,1.000000000000000000e+00
1.000000000000000000e+00,1.000000000000000000e+00,1.000000000000000000e+00,1.000000000000000000e+00,1.000000000000000000e+00,1.000000000000000000e+00,4.296880066394805908e-01,4.453119933605194092e-01,4.208979904651641846e-01,4.531250000000000000e-01,1.000000000000000000e+00,1.000000000000000000e+00,4.296880066394805908e-01,1.000000000000000000e+00,1.000000000000000000e+00,0.000000000000000000e+00,1.000000000000000000e+00,1.000000000000000000e+00,1.000000000000000000e+00,1.000000000000000000e+00,1.000000000000000000e+00,1.000000000000000000e+00,1.000000000000000000e+00,1.000000000000000000e+00,1.000000000000000000e+00,4.174799919128417969e-01,1.000000000000000000e+00,4.267579913139343262e-01,1.000000000000000000e+00,1.000000000000000000e+00,1.000000000000000000e+00,1.000000000000000000e+00,4.365229904651641846e-01,4.545899927616119385e-01,1.000000000000000000e+00,1.000000000000000000e+00,1.000000000000000000e+00,1.000000000000000000e+00,1.000000000000000000e+00,1.000000000000000000e+00,1.000000000000000000e+00,1.000000000000000000e+00,1.000000000000000000e+00,1.000000000000000000e+00,1.000000000000000000e+00,1.000000000000000000e+00,1.000000000000000000e+00,1.000000000000000000e+00,1.000000000000000000e+00,1.000000000000000000e+00,1.000000000000000000e+00,1.000000000000000000e+00,1.000000000000000000e+00,1.000000000000000000e+00,4.252929985523223877e-01,4.345700144767761230e-01,1.000000000000000000e+00,1.000000000000000000e+00,1.000000000000000000e+00,4.462890028953552246e-01,1.000000000000000000e+00,1.000000000000000000e+00,1.000000000000000000e+00,4.365229904651641846e-01,4.648439884185791016e-01,1.000000000000000000e+00,1.000000000000000000e+00,1.000000000000000000e+00,4.277339875698089600e-01,4.121089875698089600e-01,4.184570014476776123e-01,1.000000000000000000e+00,4.218750000000000000e-01,4.291990101337432861e-01,1.000000000000000000e+00,3.530269861221313477e-01,1.000000000000000000e+00,1.000000000000000000e+00,1.000000000000000000e+00,1.000000000000000000e+00,1.000000000000000000e+00,1.000000000000000000e+00,4.062500000000000000e-01,1.000000000000000000e+00,1.000000000000000000e+00,1.000000000000000000e+00,1.000000000000000000e+00,1.000000000000000000e+00,1.000000000000000000e+00,1.000000000000000000e+00,1.000000000000000000e+00,1.000000000000000000e+00,1.000000000000000000e+00,4.501950144767761230e-01,1.000000000000000000e+00,1.000000000000000000e+00,1.000000000000000000e+00
3.891600072383880615e-01,3.974609971046447754e-01,4.340820014476776123e-01,4.291990101337432861e-01,1.000000000000000000e+00,4.174799919128417969e-01,1.000000000000000000e+00,1.000000000000000000e+00,1.000000000000000000e+00,1.000000000000000000e+00,1.000000000000000000e+00,4.311519861221313477e-01,1.000000000000000000e+00,4.580079913139343262e-01,1.000000000000000000e+00,1.000000000000000000e+00,0.000000000000000000e+00,1.000000000000000000e+00,1.000000000000000000e+00,1.000000000000000000e+00,1.000000000000000000e+00,1.000000000000000000e+00,1.000000000000000000e+00,1.000000000000000000e+00,1.000000000000000000e+00,1.000000000000000000e+00,1.000000000000000000e+00,1.000000000000000000e+00,1.000000000000000000e+00,1.000000000000000000e+00,1.000000000000000000e+00,1.000000000000000000e+00,1.000000000000000000e+00,1.000000000000000000e+00,1.000000000000000000e+00,1.000000000000000000e+00,1.000000000000000000e+00,1.000000000000000000e+00,1.000000000000000000e+00,1.000000000000000000e+00,1.000000000000000000e+00,1.000000000000000000e+00,1.000000000000000000e+00,1.000000000000000000e+00,1.000000000000000000e+00,1.000000000000000000e+00,1.000000000000000000e+00,1.000000000000000000e+00,1.000000000000000000e+00,1.000000000000000000e+00,1.000000000000000000e+00,1.000000000000000000e+00,1.000000000000000000e+00,1.000000000000000000e+00,1.000000000000000000e+00,1.000000000000000000e+00,1.000000000000000000e+00,1.000000000000000000e+00,4.438480138778686523e-01,1.000000000000000000e+00,1.000000000000000000e+00,3.979490101337432861e-01,4.541020095348358154e-01,1.000000000000000000e+00,1.000000000000000000e+00,4.492189884185791016e-01,4.213869869709014893e-01,3.818359971046447754e-01,1.000000000000000000e+00,1.000000000000000000e+00,1.000000000000000000e+00,1.000000000000000000e+00,1.000000000000000000e+00,1.000000000000000000e+00,4.023439884185791016e-01,1.000000000000000000e+00,4.106450080871582031e-01,1.000000000000000000e+00,4.350590109825134277e-01,1.000000000000000000e+00,1.000000000000000000e+00,1.000000000000000000e+00,1.000000000000000000e+00,1.000000000000000000e+00,1.000000000000000000e+00,1.000000000000000000e+00,1.000000000000000000e+00,4.145509898662567139e-01,1.000000000000000000e+00,4.077149927616119385e-01,4.067380130290985107e-01,4.199219942092895508e-01,4.379880130290985107e-01,1.000000000000000000e+00,3.808589875698089600e-01,1.000000000000000000e+00,1.000000000000000000e+00
1.000000000000000000e+00,1.000000000000000000e+00,1.000000000000000000e+00,1.000000000000000000e+00,1.000000000000000000e+00,1.000000000000000000e+00,1.000000000000000000e+00,1.000000000000000000e+00,1.000000000000000000e+00,1.000000000000000000e+00,1.000000000000000000e+00,1.000000000000000000e+00,1.000000000000000000e+00,1.000000000000000000e+00,1.000000000000000000e+00,1.000000000000000000e+00,1.000000000000000000e+00,0.000000000000000000e+00,1.000000000000000000e+00,1.000000000000000000e+00,1.000000000000000000e+00,1.000000000000000000e+00,1.000000000000000000e+00,1.000000000000000000e+00,1.000000000000000000e+00,1.000000000000000000e+00,1.000000000000000000e+00,1.000000000000000000e+00,1.000000000000000000e+00,1.000000000000000000e+00,1.000000000000000000e+00,1.000000000000000000e+00,1.000000000000000000e+00,1.000000000000000000e+00,1.000000000000000000e+00,1.000000000000000000e+00,1.000000000000000000e+00,1.000000000000000000e+00,1.000000000000000000e+00,1.000000000000000000e+00,1.000000000000000000e+00,1.000000000000000000e+00,1.000000000000000000e+00,1.000000000000000000e+00,1.000000000000000000e+00,1.000000000000000000e+00,1.000000000000000000e+00,1.000000000000000000e+00,1.000000000000000000e+00,1.000000000000000000e+00,1.000000000000000000e+00,1.000000000000000000e+00,1.000000000000000000e+00,1.000000000000000000e+00,1.000000000000000000e+00,1.000000000000000000e+00,1.000000000000000000e+00,1.000000000000000000e+00,1.000000000000000000e+00,1.000000000000000000e+00,1.000000000000000000e+00,1.000000000000000000e+00,1.000000000000000000e+00,1.000000000000000000e+00,1.000000000000000000e+00,1.000000000000000000e+00,1.000000000000000000e+00,1.000000000000000000e+00,1.000000000000000000e+00,1.000000000000000000e+00,1.000000000000000000e+00,1.000000000000000000e+00,1.000000000000000000e+00,1.000000000000000000e+00,1.000000000000000000e+00,1.000000000000000000e+00,1.000000000000000000e+00,1.000000000000000000e+00,1.000000000000000000e+00,1.000000000000000000e+00,1.000000000000000000e+00,1.000000000000000000e+00,1.000000000000000000e+00,1.000000000000000000e+00,4.399409890174865723e-01,1.000000000000000000e+00,1.000000000000000000e+00,1.000000000000000000e+00,4.501950144767761230e-01,1.000000000000000000e+00,1.000000000000000000e+00,1.000000000000000000e+00,1.000000000000000000e+00,1.000000000000000000e+00,1.000000000000000000e+00,1.000000000000000000e+00,4.912109971046447754e-01
1.000000000000000000e+00,1.000000000000000000e+00,4.291990101337432861e-01,1.000000000000000000e+00,4.550780057907104492e-01,1.000000000000000000e+00,1.000000000000000000e+00,1.000000000000000000e+00,1.000000000000000000e+00,1.000000000000000000e+00,1.000000000000000000e+00,1.000000000000000000e+00,1.000000000000000000e+00,4.453119933605194092e-01,1.000000000000000000e+00,1.000000000000000000e+00,1.000000000000000000e+00,1.000000000000000000e+00,0.000000000000000000e+00,1.000000000000000000e+00,1.000000000000000000e+00,1.000000000000000000e+00,1.000000000000000000e+00,1.000000000000000000e+00,1.000000000000000000e+00,1.000000000000000000e+00,1.000000000000000000e+00,1.000000000000000000e+00,1.000000000000000000e+00,1.000000000000000000e+00,1.000000000000000000e+00,1.000000000000000000e+00,1.000000000000000000e+00,1.000000000000000000e+00,1.000000000000000000e+00,1.000000000000000000e+00,1.000000000000000000e+00,1.000000000000000000e+00,1.000000000000000000e+00,1.000000000000000000e+00,1.000000000000000000e+00,1.000000000000000000e+00,1.000000000000000000e+00,1.000000000000000000e+00,1.000000000000000000e+00,1.000000000000000000e+00,1.000000000000000000e+00,1.000000000000000000e+00,1.000000000000000000e+00,1.000000000000000000e+00,1.000000000000000000e+00,1.000000000000000000e+00,1.000000000000000000e+00,4.506840109825134277e-01,4.047850072383880615e-01,1.000000000000000000e+00,1.000000000000000000e+00,1.000000000000000000e+00,1.000000000000000000e+00,4.365229904651641846e-01,1.000000000000000000e+00,4.116210043430328369e-01,4.667969942092895508e-01,1.000000000000000000e+00,1.000000000000000000e+00,1.000000000000000000e+00,1.000000000000000000e+00,4.277339875698089600e-01,1.000000000000000000e+00,4.687500000000000000e-01,1.000000000000000000e+00,1.000000000000000000e+00,1.000000000000000000e+00,1.000000000000000000e+00,1.000000000000000000e+00,1.000000000000000000e+00,1.000000000000000000e+00,1.000000000000000000e+00,4.477539956569671631e-01,1.000000000000000000e+00,1.000000000000000000e+00,1.000000000000000000e+00,4.208979904651641846e-01,1.000000000000000000e+00,1.000000000000000000e+00,4.746089875698089600e-01,4.482420086860656738e-01,1.000000000000000000e+00,1.000000000000000000e+00,1.000000000000000000e+00,1.000000000000000000e+00,1.000000000000000000e+00,1.000000000000000000e+00,1.000000000000000000e+00,1.000000000000000000e+00,1.000000000000000000e+00,1.000000000000000000e+00
1.000000000000000000e+00,4.521479904651641846e-01,1.000000000000000000e+00,4.477539956569671631e-01,1.000000000000000000e+00,4.643549919128417969e-01,1.000000000000000000e+00,1.000000000000000000e+00,1.000000000000000000e+00,1.000000000000000000e+00,1.000000000000000000e+00,1.000000000000000000e+00,1.000000000000000000e+00,1.000000000000000000e+00,4.765619933605194092e-01,1.000000000000000000e+00,1.000000000000000000e+00,1.000000000000000000e+00,1.000000000000000000e+00,0.000000000000000000e+00,1.723629981279373169e-01,2.006839960813522339e-01,2.885740101337432861e-01,3.422850072383880615e-01,3.232420086860656738e-01,1.000000000000000000e+00,3.383789956569671631e-01,1.000000000000000000e+00,2.226559966802597046e-01,1.484380066394805908e-01,2.246090024709701538e-01,4.506840109825134277e-01,1.000000000000000000e+00,1.000000000000000000e+00,1.000000000000000000e+00,3.437500000000000000e-01,3.452149927616119385e-01,3.168950080871582031e-01,2.558589875698089600e-01,2.495120018720626831e-01,2.172850072383880615e-01,2.578119933605194092e-01,2.807619869709014893e-01,2.768549919128417969e-01,3.261719942092895508e-01,3.232420086860656738e-01,2.202149927616119385e-01,2.753910124301910400e-01,2.416989952325820923e-01,3.090820014476776123e-01,3.461909890174865723e-01,3.300780057907104492e-01,1.000000000000000000e+00,1.000000000000000000e+00,1.000000000000000000e+00,1.000000000000000000e+00,1.000000000000000000e+00,1.000000000000000000e+00,1.000000000000000000e+00,1.000000000000000000e+00,1.000000000000000000e+00,1.000000000000000000e+00,1.000000000000000000e+00,1.000000000000000000e+00,1.000000000000000000e+00,4.824219942092895508e-01,1.000000000000000000e+00,1.000000000000000000e+00,1.000000000000000000e+00,1.000000000000000000e+00,1.000000000000000000e+00,1.000000000000000000e+00,1.000000000000000000e+00,1.000000000000000000e+00,1.000000000000000000e+00,1.000000000000000000e+00,1.000000000000000000e+00,4.628910124301910400e-01,1.000000000000000000e+00,1.000000000000000000e+00,1.000000000000000000e+00,1.000000000000000000e+00,1.000000000000000000e+00,1.606449931859970093e-01,1.000000000000000000e+00,1.000000000000000000e+00,1.000000000000000000e+00,1.000000000000000000e+00,1.000000000000000000e+00,1.000000000000000000e+00,1.000000000000000000e+00,1.000000000000000000e+00,1.000000000000000000e+00,1.000000000000000000e+00,4.228520095348358154e-01,4.443359971046447754e-01,1.000000000000000000e+00
1.000000000000000000e+00,4.633789956569671631e-01,1.000000000000000000e+00,1.000000000000000000e+00,1.000000000000000000e+00,4.648439884185791016e-01,1.000000000000000000e+00,1.000000000000000000e+00,1.000000000000000000e+00,1.000000000000000000e+00,1.000000000000000000e+00,1.000000000000000000e+00,1.000000000000000000e+00,1.000000000000000000e+00,4.897460043430328369e-01,1.000000000000000000e+00,1.000000000000000000e+00,1.000000000000000000e+00,1.000000000000000000e+00,1.723629981279373169e-01,0.000000000000000000e+00,2.373050004243850708e-01,3.095700144767761230e-01,3.437500000000000000e-01,3.256840109825134277e-01,1.000000000000000000e+00,3.554689884185791016e-01,1.000000000000000000e+00,2.202149927616119385e-01,1.616210043430328369e-01,2.426760047674179077e-01,4.599609971046447754e-01,1.000000000000000000e+00,1.000000000000000000e+00,1.000000000000000000e+00,3.374019861221313477e-01,3.349609971046447754e-01,3.232420086860656738e-01,2.729490101337432861e-01,2.763670086860656738e-01,2.460940033197402954e-01,2.963869869709014893e-01,2.929689884185791016e-01,2.919920086860656738e-01,3.481450080871582031e-01,3.520509898662567139e-01,2.529299855232238770e-01,2.924799919128417969e-01,2.763670086860656738e-01,3.115229904651641846e-01,3.740229904651641846e-01,3.627929985523223877e-01,1.000000000000000000e+00,1.000000000000000000e+00,1.000000000000000000e+00,1.000000000000000000e+00,1.000000000000000000e+00,1.000000000000000000e+00,1.000000000000000000e+00,1.000000000000000000e+00,1.000000000000000000e+00,1.000000000000000000e+00,1.000000000000000000e+00,1.000000000000000000e+00,1.000000000000000000e+00,4.946289956569671631e-01,1.000000000000000000e+00,1.000000000000000000e+00,1.000000000000000000e+00,1.000000000000000000e+00,1.000000000000000000e+00,1.000000000000000000e+00,1.000000000000000000e+00,1.000000000000000000e+00,1.000000000000000000e+00,1.000000000000000000e+00,1.000000000000000000e+00,4.877929985523223877e-01,1.000000000000000000e+00,1.000000000000000000e+00,1.000000000000000000e+00,1.000000000000000000e+00,1.000000000000000000e+00,1.708980053663253784e-01,1.000000000000000000e+00,1.000000000000000000e+00,1.000000000000000000e+00,1.000000000000000000e+00,1.000000000000000000e+00,1.000000000000000000e+00,1.000000000000000000e+00,1.000000000000000000e+00,1.000000000000000000e+00,1.000000000000000000e+00,4.682619869709014893e-01,4.536130130290985107e-01,1.000000000000000000e+00
1.000000000000000000e+00,4.389649927616119385e-01,1.000000000000000000e+00,1.000000000000000000e+00,1.000000000000000000e+00,4.511719942092895508e-01,1.000000000000000000e+00,1.000000000000000000e+00,1.000000000000000000e+00,1.000000000000000000e+00,1.000000000000000000e+00,1.000000000000000000e+00,1.000000000000000000e+00,1.000000000000000000e+00,4.497070014476776123e-01,1.000000000000000000e+00,1.000000000000000000e+00,1.000000000000000000e+00,1.000000000000000000e+00,2.006839960813522339e-01,2.373050004243850708e-01,0.000000000000000000e+00,2.382809966802597046e-01,3.115229904651641846e-01,3.168950080871582031e-01,1.000000000000000000e+00,3.134770095348358154e-01,1.000000000000000000e+00,2.524409890174865723e-01,2.270510047674179077e-01,2.612299919128417969e-01,4.648439884185791016e-01,1.000000000000000000e+00,1.000000000000000000e+00,4.672850072383880615e-01,3.500980138778686523e-01,3.486329913139343262e-01,3.154299855232238770e-01,2.915039956569671631e-01,2.402340024709701538e-01,2.275390028953552246e-01,2.612299919128417969e-01,2.578119933605194092e-01,2.568359971046447754e-01,3.442380130290985107e-01,3.139649927616119385e-01,2.236330062150955200e-01,2.670899927616119385e-01,2.578119933605194092e-01,2.900390028953552246e-01,3.320310115814208984e-01,3.403320014476776123e-01,1.000000000000000000e+00,1.000000000000000000e+00,1.000000000000000000e+00,1.000000000000000000e+00,1.000000000000000000e+00,1.000000000000000000e+00,1.000000000000000000e+00,1.000000000000000000e+00,1.000000000000000000e+00,1.000000000000000000e+00,1.000000000000000000e+00,1.000000000000000000e+00,1.000000000000000000e+00,1.000000000000000000e+00,1.000000000000000000e+00,1.000000000000000000e+00,1.000000000000000000e+00,1.000000000000000000e+00,1.000000000000000000e+00,1.000000000000000000e+00,1.000000000000000000e+00,1.000000000000000000e+00,1.000000000000000000e+00,1.000000000000000000e+00,1.000000000000000000e+00,4.536130130290985107e-01,1.000000000000000000e+00,1.000000000000000000e+00,1.000000000000000000e+00,1.000000000000000000e+00,1.000000000000000000e+00,2.353519946336746216e-01,1.000000000000000000e+00,1.000000000000000000e+00,1.000000000000000000e+00,1.000000000000000000e+00,1.000000000000000000e+00,1.000000000000000000e+00,1.000000000000000000e+00,1.000000000000000000e+00,1.000000000000000000e+00,1.000000000000000000e+00,4.252929985523223877e-01,4.448240101337432861e-01,1.000000000000000000e+00
1.000000000000000000e+00,4.350590109825134277e-01,1.000000000000000000e+00,1.000000000000000000e+00,1.000000000000000000e+00,4.257810115814208984e-01,1.000000000000000000e+00,1.000000000000000000e+00,1.000000000000000000e+00,1.000000000000000000e+00,1.000000000000000000e+00,1.000000000000000000e+00,1.000000000000000000e+00,1.000000000000000000e+00,4.379880130290985107e-01,1.000000000000000000e+00,1.000000000000000000e+00,1.000000000000000000e+00,1.000000000000000000e+00,2.885740101337432861e-01,3.095700144767761230e-01,2.382809966802597046e-01,0.000000000000000000e+00,2.490230053663253784e-01,2.641600072383880615e-01,1.000000000000000000e+00,2.470699995756149292e-01,1.000000000000000000e+00,3.002929985523223877e-01,3.100590109825134277e-01,3.012700080871582031e-01,4.248049855232238770e-01,1.000000000000000000e+00,1.000000000000000000e+00,1.000000000000000000e+00,3.520509898662567139e-01,3.398439884185791016e-01,3.154299855232238770e-01,2.768549919128417969e-01,2.392580062150955200e-01,2.646479904651641846e-01,2.436520010232925415e-01,2.587890028953552246e-01,2.753910124301910400e-01,3.237299919128417969e-01,3.237299919128417969e-01,2.558589875698089600e-01,2.778320014476776123e-01,2.578119933605194092e-01,2.861329913139343262e-01,3.203119933605194092e-01,3.256840109825134277e-01,1.000000000000000000e+00,1.000000000000000000e+00,1.000000000000000000e+00,1.000000000000000000e+00,1.000000000000000000e+00,1.000000000000000000e+00,1.000000000000000000e+00,1.000000000000000000e+00,1.000000000000000000e+00,1.000000000000000000e+00,1.000000000000000000e+00,1.000000000000000000e+00,1.000000000000000000e+00,4.575200080871582031e-01,1.000000000000000000e+00,1.000000000000000000e+00,1.000000000000000000e+00,1.000000000000000000e+00,1.000000000000000000e+00,1.000000000000000000e+00,1.000000000000000000e+00,1.000000000000000000e+00,1.000000000000000000e+00,1.000000000000000000e+00,1.000000000000000000e+00,4.252929985523223877e-01,1.000000000000000000e+00,1.000000000000000000e+00,1.000000000000000000e+00,1.000000000000000000e+00,1.000000000000000000e+00,3.125000000000000000e-01,1.000000000000000000e+00,1.000000000000000000e+00,1.000000000000000000e+00,1.000000000000000000e+00,1.000000000000000000e+00,1.000000000000000000e+00,1.000000000000000000e+00,1.000000000000000000e+00,1.000000000000000000e+00,1.000000000000000000e+00,4.379880130290985107e-01,4.184570014476776123e-01,1.000000000000000000e+00
1.000000000000000000e+00,4.536130130290985107e-01,1.000000000000000000e+00,1.000000000000000000e+00,1.000000000000000000e+00,1.000000000000000000e+00,1.000000000000000000e+00,1.000000000000000000e+00,1.000000000000000000e+00,1.000000000000000000e+00,1.000000000000000000e+00,1.000000000000000000e+00,1.000000000000000000e+00,1.000000000000000000e+00,4.331049919128417969e-01,1.000000000000000000e+00,1.000000000000000000e+00,1.000000000000000000e+00,1.000000000000000000e+00,3.422850072383880615e-01,3.437500000000000000e-01,3.115229904651641846e-01,2.490230053663253784e-01,0.000000000000000000e+00,2.758789956569671631e-01,1.000000000000000000e+00,2.119140028953552246e-01,1.000000000000000000e+00,3.579100072383880615e-01,3.569340109825134277e-01,3.325200080871582031e-01,3.847660124301910400e-01,1.000000000000000000e+00,1.000000000000000000e+00,3.325200080871582031e-01,3.374019861221313477e-01,3.447270095348358154e-01,3.222660124301910400e-01,3.432619869709014893e-01,2.988280057907104492e-01,3.173829913139343262e-01,2.983399927616119385e-01,3.164060115814208984e-01,3.222660124301910400e-01,3.334960043430328369e-01,3.315429985523223877e-01,3.310549855232238770e-01,3.393549919128417969e-01,3.203119933605194092e-01,3.320310115814208984e-01,3.427729904651641846e-01,3.442380130290985107e-01,1.000000000000000000e+00,1.000000000000000000e+00,1.000000000000000000e+00,1.000000000000000000e+00,1.000000000000000000e+00,1.000000000000000000e+00,1.000000000000000000e+00,1.000000000000000000e+00,1.000000000000000000e+00,1.000000000000000000e+00,1.000000000000000000e+00,1.000000000000000000e+00,1.000000000000000000e+00,1.000000000000000000e+00,1.000000000000000000e+00,1.000000000000000000e+00,1.000000000000000000e+00,1.000000000000000000e+00,1.000000000000000000e+00,1.000000000000000000e+00,1.000000000000000000e+00,1.000000000000000000e+00,1.000000000000000000e+00,1.000000000000000000e+00,1.000000000000000000e+00,4.575200080871582031e-01,1.000000000000000000e+00,1.000000000000000000e+00,1.000000000000000000e+00,1.000000000000000000e+00,1.000000000000000000e+00,3.652339875698089600e-01,1.000000000000000000e+00,1.000000000000000000e+00,1.000000000000000000e+00,1.000000000000000000e+00,1.000000000000000000e+00,1.000000000000000000e+00,1.000000000000000000e+00,1.000000000000000000e+00,1.000000000000000000e+00,1.000000000000000000e+00,4.262700080871582031e-01,4.418950080871582031e-01,1.000000000000000000e+00
1.000000000000000000e+00,4.755859971046447754e-01,1.000000000000000000e+00,1.000000000000000000e+00,1.000000000000000000e+00,4.838869869709014893e-01,1.000000000000000000e+00,1.000000000000000000e+00,1.000000000000000000e+00,1.000000000000000000e+00,1.000000000000000000e+00,1.000000000000000000e+00,1.000000000000000000e+00,1.000000000000000000e+00,4.580079913139343262e-01,1.000000000000000000e+00,1.000000000000000000e+00,1.000000000000000000e+00,1.000000000000000000e+00,3.232420086860656738e-01,3.256840109825134277e-01,3.168950080871582031e-01,2.641600072383880615e-01,2.758789956569671631e-01,0.000000000000000000e+00,1.000000000000000000e+00,2.436520010232925415e-01,1.000000000000000000e+00,3.457030057907104492e-01,3.359380066394805908e-01,3.427729904651641846e-01,3.911130130290985107e-01,1.000000000000000000e+00,1.000000000000000000e+00,1.000000000000000000e+00,3.515619933605194092e-01,3.579100072383880615e-01,3.413090109825134277e-01,3.378910124301910400e-01,3.247070014476776123e-01,3.383789956569671631e-01,3.330079913139343262e-01,3.266600072383880615e-01,3.364259898662567139e-01,3.564450144767761230e-01,3.496089875698089600e-01,3.276369869709014893e-01,3.310549855232238770e-01,3.139649927616119385e-01,3.315429985523223877e-01,3.579100072383880615e-01,3.544920086860656738e-01,1.000000000000000000e+00,1.000000000000000000e+00,1.000000000000000000e+00,1.000000000000000000e+00,1.000000000000000000e+00,1.000000000000000000e+00,1.000000000000000000e+00,1.000000000000000000e+00,1.000000000000000000e+00,1.000000000000000000e+00,1.000000000000000000e+00,1.000000000000000000e+00,1.000000000000000000e+00,4.814450144767761230e-01,1.000000000000000000e+00,1.000000000000000000e+00,1.000000000000000000e+00,1.000000000000000000e+00,1.000000000000000000e+00,1.000000000000000000e+00,1.000000000000000000e+00,1.000000000000000000e+00,1.000000000000000000e+00,1.000000000000000000e+00,1.000000000000000000e+00,4.541020095348358154e-01,1.000000000000000000e+00,1.000000000000000000e+00,1.000000000000000000e+00,1.000000000000000000e+00,1.000000000000000000e+00,3.413090109825134277e-01,1.000000000000000000e+00,1.000000000000000000e+00,1.000000000000000000e+00,1.000000000000000000e+00,1.000000000000000000e+00,1.000000000000000000e+00,1.000000000000000000e+00,1.000000000000000000e+00,1.000000000000000000e+00,1.000000000000000000e+00,4.482420086860656738e-01,4.375000000000000000e-01,1.000000000000000000e+00
1.000000000000000000e+00,1.000000000000000000e+00,1.000000000000000000e+00,1.000000000000000000e+00,1.000000000000000000e+00,1.000000000000000000e+00,1.000000000000000000e+00,1.000000000000000000e+00,4.340820014476776123e-01,4.624019861221313477e-01,1.000000000000000000e+00,1.000000000000000000e+00,4.487299919128417969e-01,1.000000000000000000e+00,1.000000000000000000e+00,4.174799919128417969e-01,1.000000000000000000e+00,1.000000000000000000e+00,1.000000000000000000e+00,1.000000000000000000e+00,1.000000000000000000e+00,1.000000000000000000e+00,1.000000000000000000e+00,1.000000000000000000e+00,1.000000000000000000e+00,0.000000000000000000e+00,1.000000000000000000e+00,3.022460043430328369e-01,1.000000000000000000e+00,1.000000000000000000e+00,1.000000000000000000e+00,1.000000000000000000e+00,3.334960043430328369e-01,3.828119933605194092e-01,1.000000000000000000e+00,1.000000000000000000e+00,1.000000000000000000e+00,1.000000000000000000e+00,1.000000000000000000e+00,1.000000000000000000e+00,1.000000000000000000e+00,1.000000000000000000e+00,1.000000000000000000e+00,1.000000000000000000e+00,1.000000000000000000e+00,1.000000000000000000e+00,1.000000000000000000e+00,1.000000000000000000e+00,1.000000000000000000e+00,1.000000000000000000e+00,1.000000000000000000e+00,1.000000000000000000e+00,1.000000000000000000e+00,1.000000000000000000e+00,1.000000000000000000e+00,4.672850072383880615e-01,4.042969942092895508e-01,4.072270095348358154e-01,1.000000000000000000e+00,1.000000000000000000e+00,1.000000000000000000e+00,1.000000000000000000e+00,1.000000000000000000e+00,4.389649927616119385e-01,1.000000000000000000e+00,1.000000000000000000e+00,1.000000000000000000e+00,1.000000000000000000e+00,4.555659890174865723e-01,1.000000000000000000e+00,1.000000000000000000e+00,4.628910124301910400e-01,1.000000000000000000e+00,4.628910124301910400e-01,1.000000000000000000e+00,1.000000000000000000e+00,1.000000000000000000e+00,1.000000000000000000e+00,1.000000000000000000e+00,1.000000000000000000e+00,1.000000000000000000e+00,1.000000000000000000e+00,1.000000000000000000e+00,1.000000000000000000e+00,1.000000000000000000e+00,1.000000000000000000e+00,1.000000000000000000e+00,1.000000000000000000e+00,1.000000000000000000e+00,1.000000000000000000e+00,1.000000000000000000e+00,1.000000000000000000e+00,1.000000000000000000e+00,4.487299919128417969e-01,1.000000000000000000e+00,1.000000000000000000e+00,1.000000000000000000e+00
1.000000000000000000e+00,4.565429985523223877e-01,1.000000000000000000e+00,4.541020095348358154e-01,1.000000000000000000e+00,4.550780057907104492e-01,1.000000000000000000e+00,1.000000000000000000e+00,1.000000000000000000e+00,1.000000000000000000e+00,1.000000000000000000e+00,1.000000000000000000e+00,1.000000000000000000e+00,1.000000000000000000e+00,4.370119869709014893e-01,1.000000000000000000e+00,1.000000000000000000e+00,1.000000000000000000e+00,1.000000000000000000e+00,3.383789956569671631e-01,3.554689884185791016e-01,3.134770095348358154e-01,2.470699995756149292e-01,2.119140028953552246e-01,2.436520010232925415e-01,1.000000000000000000e+00,0.000000000000000000e+00,1.000000000000000000e+00,3.422850072383880615e-01,3.598630130290985107e-01,3.286130130290985107e-01,3.769530057907104492e-01,1.000000000000000000e+00,1.000000000000000000e+00,1.000000000000000000e+00,3.403320014476776123e-01,3.271479904651641846e-01,3.173829913139343262e-01,3.305659890174865723e-01,2.998049855232238770e-01,3.232420086860656738e-01,2.944340109825134277e-01,3.222660124301910400e-01,3.320310115814208984e-01,3.471679985523223877e-01,3.227539956569671631e-01,3.271479904651641846e-01,3.383789956569671631e-01,3.173829913139343262e-01,3.369140028953552246e-01,3.359380066394805908e-01,3.481450080871582031e-01,1.000000000000000000e+00,1.000000000000000000e+00,1.000000000000000000e+00,1.000000000000000000e+00,1.000000000000000000e+00,1.000000000000000000e+00,1.000000000000000000e+00,1.000000000000000000e+00,1.000000000000000000e+00,1.000000000000000000e+00,1.000000000000000000e+00,1.000000000000000000e+00,1.000000000000000000e+00,4.721679985523223877e-01,1.000000000000000000e+00,1.000000000000000000e+00,1.000000000000000000e+00,1.000000000000000000e+00,1.000000000000000000e+00,1.000000000000000000e+00,1.000000000000000000e+00,1.000000000000000000e+00,1.000000000000000000e+00,1.000000000000000000e+00,1.000000000000000000e+00,4.594730138778686523e-01,1.000000000000000000e+00,1.000000000000000000e+00,1.000000000000000000e+00,1.000000000000000000e+00,1.000000000000000000e+00,3.740229904651641846e-01,1.000000000000000000e+00,1.000000000000000000e+00,1.000000000000000000e+00,1.000000000000000000e+00,1.000000000000000000e+00,1.000000000000000000e+00,1.000000000000000000e+00,1.000000000000000000e+00,1.000000000000000000e+00,1.000000000000000000e+00,4.516600072383880615e-01,4.243159890174865723e-01,1.000000000000000000e+00
1.000000000000000000e+00,1.000000000000000000e+00,1.000000000000000000e+00,1.000000000000000000e+00,1.000000000000000000e+00,1.000000000000000000e+00,4.833979904651641846e-01,4.609380066394805908e-01,4.687500000000000000e-01,4.824219942092895508e-01,1.000000000000000000e+00,1.000000000000000000e+00,4.843750000000000000e-01,1.000000000000000000e+00,1.000000000000000000e+00,4.267579913139343262e-01,1.000000000000000000e+00,1.000000000000000000e+00,1.000000000000000000e+00,1.000000000000000000e+00,1.000000000000000000e+00,1.000000000000000000e+00,1.000000000000000000e+00,1.000000000000000000e+00,1.000000000000000000e+00,3.022460043430328369e-01,1.000000000000000000e+00,0.000000000000000000e+00,1.000000000000000000e+00,1.000000000000000000e+00,1.000000000000000000e+00,1.000000000000000000e+00,2.841799855232238770e-01,3.403320014476776123e-01,1.000000000000000000e+00,1.000000000000000000e+00,1.000000000000000000e+00,1.000000000000000000e+00,1.000000000000000000e+00,1.000000000000000000e+00,1.000000000000000000e+00,1.000000000000000000e+00,1.000000000000000000e+00,1.000000000000000000e+00,1.000000000000000000e+00,1.000000000000000000e+00,1.000000000000000000e+00,1.000000000000000000e+00,1.000000000000000000e+00,1.000000000000000000e+00,1.000000000000000000e+00,1.000000000000000000e+00,1.000000000000000000e+00,1.000000000000000000e+00,1.000000000000000000e+00,4.814450144767761230e-01,4.526369869709014893e-01,4.545899927616119385e-01,1.000000000000000000e+00,1.000000000000000000e+00,1.000000000000000000e+00,1.000000000000000000e+00,1.000000000000000000e+00,4.619140028953552246e-01,4.873049855232238770e-01,1.000000000000000000e+00,1.000000000000000000e+00,1.000000000000000000e+00,4.589839875698089600e-01,1.000000000000000000e+00,1.000000000000000000e+00,1.000000000000000000e+00,1.000000000000000000e+00,4.409179985523223877e-01,1.000000000000000000e+00,1.000000000000000000e+00,1.000000000000000000e+00,1.000000000000000000e+00,1.000000000000000000e+00,1.000000000000000000e+00,1.000000000000000000e+00,1.000000000000000000e+00,1.000000000000000000e+00,1.000000000000000000e+00,1.000000000000000000e+00,1.000000000000000000e+00,1.000000000000000000e+00,1.000000000000000000e+00,1.000000000000000000e+00,1.000000000000000000e+00,1.000000000000000000e+00,1.000000000000000000e+00,1.000000000000000000e+00,4.677729904651641846e-01,1.000000000000000000e+00,1.000000000000000000e+00,1.000000000000000000e+00
1.000000000000000000e+00,4.570310115814208984e-01,1.000000000000000000e+00,1.000000000000000000e+00,1.000000000000000000e+00,4.741210043430328369e-01,1.000000000000000000e+00,1.000000000000000000e+00,1.000000000000000000e+00,1.000000000000000000e+00,1.000000000000000000e+00,1.000000000000000000e+00,1.000000000000000000e+00,1.000000000000000000e+00,4.511719942092895508e-01,1.000000000000000000e+00,1.000000000000000000e+00,1.000000000000000000e+00,1.000000000000000000e+00,2.226559966802597046e-01,2.202149927616119385e-01,2.524409890174865723e-01,3.002929985523223877e-01,3.579100072383880615e-01,3.457030057907104492e-01,1.000000000000000000e+00,3.422850072383880615e-01,1.000000000000000000e+00,0.000000000000000000e+00,1.962890028953552246e-01,1.816409975290298462e-01,4.125980138778686523e-01,1.000000000000000000e+00,1.000000000000000000e+00,1.000000000000000000e+00,2.998049855232238770e-01,3.071289956569671631e-01,2.875980138778686523e-01,2.158199995756149292e-01,2.514649927616119385e-01,2.573240101337432861e-01,2.939450144767761230e-01,2.983399927616119385e-01,3.032230138778686523e-01,3.447270095348358154e-01,3.310549855232238770e-01,2.729490101337432861e-01,2.802729904651641846e-01,2.924799919128417969e-01,3.012700080871582031e-01,3.666990101337432861e-01,3.398439884185791016e-01,1.000000000000000000e+00,1.000000000000000000e+00,1.000000000000000000e+00,1.000000000000000000e+00,1.000000000000000000e+00,1.000000000000000000e+00,1.000000000000000000e+00,1.000000000000000000e+00,1.000000000000000000e+00,1.000000000000000000e+00,1.000000000000000000e+00,1.000000000000000000e+00,1.000000000000000000e+00,4.863280057907104492e-01,1.000000000000000000e+00,1.000000000000000000e+00,1.000000000000000000e+00,1.000000000000000000e+00,1.000000000000000000e+00,1.000000000000000000e+00,1.000000000000000000e+00,1.000000000000000000e+00,1.000000000000000000e+00,1.000000000000000000e+00,1.000000000000000000e+00,4.814450144767761230e-01,1.000000000000000000e+00,1.000000000000000000e+00,1.000000000000000000e+00,1.000000000000000000e+00,1.000000000000000000e+00,2.094729989767074585e-01,1.000000000000000000e+00,1.000000000000000000e+00,1.000000000000000000e+00,1.000000000000000000e+00,1.000000000000000000e+00,1.000000000000000000e+00,1.000000000000000000e+00,1.000000000000000000e+00,1.000000000000000000e+00,1.000000000000000000e+00,4.531250000000000000e-01,4.619140028953552246e-01,1.000000000000000000e+00
1.000000000000000000e+00,4.755859971046447754e-01,1.000000000000000000e+00,1.000000000000000000e+00,1.000000000000000000e+00,4.731450080871582031e-01,1.000000000000000000e+00,1.000000000000000000e+00,1.000000000000000000e+00,1.000000000000000000e+00,1.000000000000000000e+00,1.000000000000000000e+00,1.000000000000000000e+00,1.000000000000000000e+00,4.804689884185791016e-01,1.000000000000000000e+00,1.000000000000000000e+00,1.000000000000000000e+00,1.000000000000000000e+00,1.484380066394805908e-01,1.616210043430328369e-01,2.270510047674179077e-01,3.100590109825134277e-01,3.569340109825134277e-01,3.359380066394805908e-01,1.000000000000000000e+00,3.598630130290985107e-01,1.000000000000000000e+00,1.962890028953552246e-01,0.000000000000000000e+00,2.177730053663253784e-01,4.487299919128417969e-01,1.000000000000000000e+00,1.000000000000000000e+00,1.000000000000000000e+00,3.359380066394805908e-01,3.305659890174865723e-01,3.198240101337432861e-01,2.490230053663253784e-01,2.495120018720626831e-01,2.348629981279373169e-01,2.949219942092895508e-01,3.041990101337432861e-01,2.836909890174865723e-01,3.496089875698089600e-01,3.349609971046447754e-01,2.299800068140029907e-01,2.851560115814208984e-01,2.534179985523223877e-01,3.139649927616119385e-01,3.754880130290985107e-01,3.525390028953552246e-01,1.000000000000000000e+00,1.000000000000000000e+00,1.000000000000000000e+00,1.000000000000000000e+00,1.000000000000000000e+00,1.000000000000000000e+00,1.000000000000000000e+00,1.000000000000000000e+00,1.000000000000000000e+00,1.000000000000000000e+00,1.000000000000000000e+00,1.000000000000000000e+00,1.000000000000000000e+00,4.921880066394805908e-01,1.000000000000000000e+00,1.000000000000000000e+00,1.000000000000000000e+00,1.000000000000000000e+00,1.000000000000000000e+00,1.000000000000000000e+00,1.000000000000000000e+00,1.000000000000000000e+00,1.000000000000000000e+00,1.000000000000000000e+00,1.000000000000000000e+00,4.775390028953552246e-01,1.000000000000000000e+00,1.000000000000000000e+00,1.000000000000000000e+00,1.000000000000000000e+00,1.000000000000000000e+00,8.544900268316268921e-02,1.000000000000000000e+00,1.000000000000000000e+00,1.000000000000000000e+00,1.000000000000000000e+00,1.000000000000000000e+00,1.000000000000000000e+00,1.000000000000000000e+00,1.000000000000000000e+00,1.000000000000000000e+00,1.000000000000000000e+00,4.619140028953552246e-01,4.667969942092895508e-01,1.000000000000000000e+00
1.000000000000000000e+00,4.707030057907104492e-01,1.000000000000000000e+00,1.000000000000000000e+00,1.000000000000000000e+00,4.741210043430328369e-01,1.000000000000000000e+00,1.000000000000000000e+00,1.000000000000000000e+00,1.000000000000000000e+00,1.000000000000000000e+00,1.000000000000000000e+00,1.000000000000000000e+00,1.000000000000000000e+00,4.589839875698089600e-01,1.000000000000000000e+00,1.000000000000000000e+00,1.000000000000000000e+00,1.000000000000000000e+00,2.246090024709701538e-01,2.426760047674179077e-01,2.612299919128417969e-01,3.012700080871582031e-01,3.325200080871582031e-01,3.427729904651641846e-01,1.000000000000000000e+00,3.286130130290985107e-01,1.000000000000000000e+00,1.816409975290298462e-01,2.177730053663253784e-01,0.000000000000000000e+00,3.696289956569671631e-01,1.000000000000000000e+00,1.000000000000000000e+00,1.000000000000000000e+00,2.587890028953552246e-01,2.592769861221313477e-01,2.543950080871582031e-01,1.884769946336746216e-01,2.719730138778686523e-01,2.602539956569671631e-01,2.910160124301910400e-01,3.100590109825134277e-01,3.149409890174865723e-01,3.417969942092895508e-01,3.271479904651641846e-01,2.670899927616119385e-01,2.812500000000000000e-01,3.022460043430328369e-01,3.090820014476776123e-01,3.657230138778686523e-01,3.496089875698089600e-01,1.000000000000000000e+00,1.000000000000000000e+00,1.000000000000000000e+00,1.000000000000000000e+00,1.000000000000000000e+00,1.000000000000000000e+00,1.000000000000000000e+00,1.000000000000000000e+00,1.000000000000000000e+00,1.000000000000000000e+00,1.000000000000000000e+00,1.000000000000000000e+00,1.000000000000000000e+00,1.000000000000000000e+00,1.000000000000000000e+00,1.000000000000000000e+00,1.000000000000000000e+00,1.000000000000000000e+00,1.000000000000000000e+00,1.000000000000000000e+00,1.000000000000000000e+00,1.000000000000000000e+00,1.000000000000000000e+00,1.000000000000000000e+00,1.000000000000000000e+00,4.648439884185791016e-01,1.000000000000000000e+00,1.000000000000000000e+00,1.000000000000000000e+00,1.000000000000000000e+00,1.000000000000000000e+00,2.241210043430328369e-01,1.000000000000000000e+00,1.000000000000000000e+00,1.000000000000000000e+00,1.000000000000000000e+00,1.000000000000000000e+00,1.000000000000000000e+00,1.000000000000000000e+00,1.000000000000000000e+00,1.000000000000000000e+00,1.000000000000000000e+00,4.755859971046447754e-01,4.628910124301910400e-01,1.000000000000000000e+00
1.000000000000000000e+00,1.000000000000000000e+00,1.000000000000000000e+00,1.000000000000000000e+00,1.000000000000000000e+00,1.000000000000000000e+00,1.000000000000000000e+00,1.000000000000000000e+00,1.000000000000000000e+00,1.000000000000000000e+00,1.000000000000000000e+00,1.000000000000000000e+00,1.000000000000000000e+00,1.000000000000000000e+00,4.477539956569671631e-01,1.000000000000000000e+00,1.000000000000000000e+00,1.000000000000000000e+00,1.000000000000000000e+00,4.506840109825134277e-01,4.599609971046447754e-01,4.648439884185791016e-01,4.248049855232238770e-01,3.847660124301910400e-01,3.911130130290985107e-01,1.000000000000000000e+00,3.769530057907104492e-01,1.000000000000000000e+00,4.125980138778686523e-01,4.487299919128417969e-01,3.696289956569671631e-01,0.000000000000000000e+00,1.000000000000000000e+00,1.000000000000000000e+00,2.368160039186477661e-01,2.934570014476776123e-01,3.076170086860656738e-01,3.359380066394805908e-01,3.852539956569671631e-01,4.248049855232238770e-01,4.453119933605194092e-01,1.000000000000000000e+00,4.472660124301910400e-01,4.667969942092895508e-01,4.086909890174865723e-01,4.213869869709014893e-01,4.433589875698089600e-01,1.000000000000000000e+00,4.521479904651641846e-01,4.619140028953552246e-01,4.531250000000000000e-01,4.409179985523223877e-01,4.682619869709014893e-01,1.000000000000000000e+00,1.000000000000000000e+00,1.000000000000000000e+00,1.000000000000000000e+00,1.000000000000000000e+00,1.000000000000000000e+00,1.000000000000000000e+00,1.000000000000000000e+00,1.000000000000000000e+00,1.000000000000000000e+00,1.000000000000000000e+00,1.000000000000000000e+00,1.000000000000000000e+00,1.000000000000000000e+00,1.000000000000000000e+00,1.000000000000000000e+00,1.000000000000000000e+00,1.000000000000000000e+00,1.000000000000000000e+00,1.000000000000000000e+00,1.000000000000000000e+00,1.000000000000000000e+00,1.000000000000000000e+00,1.000000000000000000e+00,4.750980138778686523e-01,1.000000000000000000e+00,1.000000000000000000e+00,1.000000000000000000e+00,1.000000000000000000e+00,1.000000000000000000e+00,4.472660124301910400e-01,1.000000000000000000e+00,1.000000000000000000e+00,1.000000000000000000e+00,1.000000000000000000e+00,1.000000000000000000e+00,1.000000000000000000e+00,1.000000000000000000e+00,1.000000000000000000e+00,1.000000000000000000e+00,1.000000000000000000e+00,1.000000000000000000e+00,4.692380130290985107e-01,1.000000000000000000e+00
1.000000000000000000e+00,1.000000000000000000e+00,1.000000000000000000e+00,1.000000000000000000e+00,1.000000000000000000e+00,1.000000000000000000e+00,4.707030057907104492e-01,4.648439884185791016e-01,4.726560115814208984e-01,4.609380066394805908e-01,1.000000000000000000e+00,1.000000000000000000e+00,4.736329913139343262e-01,1.000000000000000000e+00,1.000000000000000000e+00,4.365229904651641846e-01,1.000000000000000000e+00,1.000000000000000000e+00,1.000000000000000000e+00,1.000000000000000000e+00,1.000000000000000000e+00,1.000000000000000000e+00,1.000000000000000000e+00,1.000000000000000000e+00,1.000000000000000000e+00,3.334960043430328369e-01,1.000000000000000000e+00,2.841799855232238770e-01,1.000000000000000000e+00,1.000000000000000000e+00,1.000000000000000000e+00,1.000000000000000000e+00,0.000000000000000000e+00,3.383789956569671631e-01,1.000000000000000000e+00,1.000000000000000000e+00,1.000000000000000000e+00,1.000000000000000000e+00,1.000000000000000000e+00,1.000000000000000000e+00,1.000000000000000000e+00,1.000000000000000000e+00,1.000000000000000000e+00,1.000000000000000000e+00,1.000000000000000000e+00,1.000000000000000000e+00,1.000000000000000000e+00,1.000000000000000000e+00,1.000000000000000000e+00,1.000000000000000000e+00,1.000000000000000000e+00,1.000000000000000000e+00,1.000000000000000000e+00,1.000000000000000000e+00,1.000000000000000000e+00,4.863280057907104492e-01,4.506840109825134277e-01,4.428710043430328369e-01,1.000000000000000000e+00,1.000000000000000000e+00,1.000000000000000000e+00,1.000000000000000000e+00,1.000000000000000000e+00,4.687500000000000000e-01,4.941410124301910400e-01,1.000000000000000000e+00,1.000000000000000000e+00,1.000000000000000000e+00,4.746089875698089600e-01,1.000000000000000000e+00,1.000000000000000000e+00,1.000000000000000000e+00,1.000000000000000000e+00,4.643549919128417969e-01,1.000000000000000000e+00,1.000000000000000000e+00,1.000000000000000000e+00,1.000000000000000000e+00,1.000000000000000000e+00,1.000000000000000000e+00,1.000000000000000000e+00,1.000000000000000000e+00,1.000000000000000000e+00,1.000000000000000000e+00,1.000000000000000000e+00,1.000000000000000000e+00,1.000000000000000000e+00,1.000000000000000000e+00,1.000000000000000000e+00,1.000000000000000000e+00,1.000000000000000000e+00,1.000000000000000000e+00,1.000000000000000000e+00,4.667969942092895508e-01,1.000000000000000000e+00,1.000000000000000000e+00,1.000000000000000000e+00
1.000000000000000000e+00,1.000000000000000000e+00,1.000000000000000000e+00,1.000000000000000000e+00,1.000000000000000000e+00,1.000000000000000000e+00,4.438480138778686523e-01,4.624019861221313477e-01,4.624019861221313477e-01,4.321289956569671631e-01,1.000000000000000000e+00,1.000000000000000000e+00,4.780269861221313477e-01,1.000000000000000000e+00,1.000000000000000000e+00,4.545899927616119385e-01,1.000000000000000000e+00,1.000000000000000000e+00,1.000000000000000000e+00,1.000000000000000000e+00,1.000000000000000000e+00,1.000000000000000000e+00,1.000000000000000000e+00,1.000000000000000000e+00,1.000000000000000000e+00,3.828119933605194092e-01,1.000000000000000000e+00,3.403320014476776123e-01,1.000000000000000000e+00,1.000000000000000000e+00,1.000000000000000000e+00,1.000000000000000000e+00,3.383789956569671631e-01,0.000000000000000000e+00,1.000000000000000000e+00,1.000000000000000000e+00,1.000000000000000000e+00,1.000000000000000000e+00,1.000000000000000000e+00,1.000000000000000000e+00,1.000000000000000000e+00,1.000000000000000000e+00,1.000000000000000000e+00,1.000000000000000000e+00,1.000000000000000000e+00,1.000000000000000000e+00,1.000000000000000000e+00,1.000000000000000000e+00,1.000000000000000000e+00,1.000000000000000000e+00,1.000000000000000000e+00,1.000000000000000000e+00,1.000000000000000000e+00,1.000000000000000000e+00,1.000000000000000000e+00,4.633789956569671631e-01,4.384770095348358154e-01,4.570310115814208984e-01,1.000000000000000000e+00,1.000000000000000000e+00,1.000000000000000000e+00,1.000000000000000000e+00,1.000000000000000000e+00,4.575200080871582031e-01,4.702149927616119385e-01,1.000000000000000000e+00,1.000000000000000000e+00,1.000000000000000000e+00,4.633789956569671631e-01,1.000000000000000000e+00,1.000000000000000000e+00,1.000000000000000000e+00,1.000000000000000000e+00,4.697270095348358154e-01,1.000000000000000000e+00,1.000000000000000000e+00,1.000000000000000000e+00,1.000000000000000000e+00,1.000000000000000000e+00,1.000000000000000000e+00,1.000000000000000000e+00,1.000000000000000000e+00,1.000000000000000000e+00,1.000000000000000000e+00,1.000000000000000000e+00,1.000000000000000000e+00,1.000000000000000000e+00,1.000000000000000000e+00,1.000000000000000000e+00,1.000000000000000000e+00,1.000000000000000000e+00,1.000000000000000000e+00,1.000000000000000000e+00,4.458009898662567139e-01,1.000000000000000000e+00,1.000000000000000000e+00,1.000000000000000000e+00
1.000000000000000000e+00,1.000000000000000000e+00,1.000000000000000000e+00,1.000000000000000000e+00,1.000000000000000000e+00,1.000000000000000000e+00,1.000000000000000000e+00,1.000000000000000000e+00,1.000000000000000000e+00,1.000000000000000000e+00,1.000000000000000000e+00,1.000000000000000000e+00,1.000000000000000000e+00,1.000000000000000000e+00,4.638670086860656738e-01,1.000000000000000000e+00,1.000000000000000000e+00,1.000000000000000000e+00,1.000000000000000000e+00,1.000000000000000000e+00,1.000000000000000000e+00,4.672850072383880615e-01,1.000000000000000000e+00,3.325200080871582031e-01,1.000000000000000000e+00,1.000000000000000000e+00,1.000000000000000000e+00,1.000000000000000000e+00,1.000000000000000000e+00,1.000000000000000000e+00,1.000000000000000000e+00,2.368160039186477661e-01,1.000000000000000000e+00,1.000000000000000000e+00,0.000000000000000000e+00,3.007810115814208984e-01,3.012700080871582031e-01,1.000000000000000000e+00,1.000000000000000000e+00,1.000000000000000000e+00,4.584960043430328369e-01,1.000000000000000000e+00,1.000000000000000000e+00,1.000000000000000000e+00,1.000000000000000000e+00,4.326170086860656738e-01,1.000000000000000000e+00,1.000000000000000000e+00,1.000000000000000000e+00,1.000000000000000000e+00,4.506840109825134277e-01,1.000000000000000000e+00,5.068359971046447754e-01,1.000000000000000000e+00,1.000000000000000000e+00,1.000000000000000000e+00,1.000000000000000000e+00,1.000000000000000000e+00,1.000000000000000000e+00,1.000000000000000000e+00,1.000000000000000000e+00,1.000000000000000000e+00,1.000000000000000000e+00,1.000000000000000000e+00,1.000000000000000000e+00,1.000000000000000000e+00,1.000000000000000000e+00,1.000000000000000000e+00,1.000000000000000000e+00,1.000000000000000000e+00,1.000000000000000000e+00,1.000000000000000000e+00,1.000000000000000000e+00,1.000000000000000000e+00,1.000000000000000000e+00,1.000000000000000000e+00,1.000000000000000000e+00,1.000000000000000000e+00,1.000000000000000000e+00,1.000000000000000000e+00,1.000000000000000000e+00,1.000000000000000000e+00,1.000000000000000000e+00,1.000000000000000000e+00,1.000000000000000000e+00,1.000000000000000000e+00,1.000000000000000000e+00,1.000000000000000000e+00,1.000000000000000000e+00,1.000000000000000000e+00,1.000000000000000000e+00,1.000000000000000000e+00,1.000000000000000000e+00,1.000000000000000000e+00,1.000000000000000000e+00,1.000000000000000000e+00,1.000000000000000000e+00
1.000000000000000000e+00,1.000000000000000000e+00,1.000000000000000000e+00,1.000000000000000000e+00,1.000000000000000000e+00,1.000000000000000000e+00,1.000000000000000000e+00,1.000000000000000000e+00,1.000000000000000000e+00,1.000000000000000000e+00,1.000000000000000000e+00,1.000000000000000000e+00,1.000000000000000000e+00,1.000000000000000000e+00,4.531250000000000000e-01,1.000000000000000000e+00,1.000000000000000000e+00,1.000000000000000000e+00,1.000000000000000000e+00,3.437500000000000000e-01,3.374019861221313477e-01,3.500980138778686523e-01,3.520509898662567139e-01,3.374019861221313477e-01,3.515619933605194092e-01,1.000000000000000000e+00,3.403320014476776123e-01,1.000000000000000000e+00,2.998049855232238770e-01,3.359380066394805908e-01,2.587890028953552246e-01,2.934570014476776123e-01,1.000000000000000000e+00,1.000000000000000000e+00,3.007810115814208984e-01,0.000000000000000000e+00,1.801760047674179077e-01,2.075199931859970093e-01,2.753910124301910400e-01,2.993159890174865723e-01,3.325200080871582031e-01,1.000000000000000000e+00,3.413090109825134277e-01,3.500980138778686523e-01,3.193359971046447754e-01,3.408200144767761230e-01,3.198240101337432861e-01,1.000000000000000000e+00,3.334960043430328369e-01,3.452149927616119385e-01,3.745119869709014893e-01,3.515619933605194092e-01,4.990229904651641846e-01,1.000000000000000000e+00,1.000000000000000000e+00,1.000000000000000000e+00,1.000000000000000000e+00,1.000000000000000000e+00,1.000000000000000000e+00,1.000000000000000000e+00,1.000000000000000000e+00,1.000000000000000000e+00,1.000000000000000000e+00,1.000000000000000000e+00,1.000000000000000000e+00,1.000000000000000000e+00,1.000000000000000000e+00,1.000000000000000000e+00,1.000000000000000000e+00,1.000000000000000000e+00,1.000000000000000000e+00,1.000000000000000000e+00,1.000000000000000000e+00,1.000000000000000000e+00,1.000000000000000000e+00,1.000000000000000000e+00,1.000000000000000000e+00,4.765619933605194092e-01,1.000000000000000000e+00,1.000000000000000000e+00,1.000000000000000000e+00,1.000000000000000000e+00,1.000000000000000000e+00,3.413090109825134277e-01,1.000000000000000000e+00,1.000000000000000000e+00,1.000000000000000000e+00,1.000000000000000000e+00,1.000000000000000000e+00,1.000000000000000000e+00,1.000000000000000000e+00,1.000000000000000000e+00,1.000000000000000000e+00,1.000000000000000000e+00,1.000000000000000000e+00,4.541020095348358154e-01,1.000000000000000000e+00
1.000000000000000000e+00,1.000000000000000000e+00,1.000000000000000000e+00,1.000000000000000000e+00,1.000000000000000000e+00,1.000000000000000000e+00,1.000000000000000000e+00,1.000000000000000000e+00,1.000000000000000000e+00,1.000000000000000000e+00,1.000000000000000000e+00,1.000000000000000000e+00,1.000000000000000000e+00,1.000000000000000000e+00,4.506840109825134277e-01,1.000000000000000000e+00,1.000000000000000000e+00,1.000000000000000000e+00,1.000000000000000000e+00,3.452149927616119385e-01,3.349609971046447754e-01,3.486329913139343262e-01,3.398439884185791016e-01,3.447270095348358154e-01,3.579100072383880615e-01,1.000000000000000000e+00,3.271479904651641846e-01,1.000000000000000000e+00,3.071289956569671631e-01,3.305659890174865723e-01,2.592769861221313477e-01,3.076170086860656738e-01,1.000000000000000000e+00,1.000000000000000000e+00,3.012700080871582031e-01,1.801760047674179077e-01,0.000000000000000000e+00,1.845699995756149292e-01,2.563480138778686523e-01,2.812500000000000000e-01,3.095700144767761230e-01,3.188480138778686523e-01,3.144530057907104492e-01,3.437500000000000000e-01,3.129880130290985107e-01,3.413090109825134277e-01,3.134770095348358154e-01,3.305659890174865723e-01,3.251950144767761230e-01,3.476560115814208984e-01,3.593750000000000000e-01,3.403320014476776123e-01,4.907230138778686523e-01,1.000000000000000000e+00,1.000000000000000000e+00,1.000000000000000000e+00,1.000000000000000000e+00,1.000000000000000000e+00,1.000000000000000000e+00,1.000000000000000000e+00,1.000000000000000000e+00,1.000000000000000000e+00,1.000000000000000000e+00,1.000000000000000000e+00,1.000000000000000000e+00,1.000000000000000000e+00,1.000000000000000000e+00,1.000000000000000000e+00,1.000000000000000000e+00,1.000000000000000000e+00,1.000000000000000000e+00,1.000000000000000000e+00,1.000000000000000000e+00,1.000000000000000000e+00,1.000000000000000000e+00,1.000000000000000000e+00,1.000000000000000000e+00,4.711909890174865723e-01,1.000000000000000000e+00,1.000000000000000000e+00,1.000000000000000000e+00,1.000000000000000000e+00,1.000000000000000000e+00,3.349609971046447754e-01,1.000000000000000000e+00,1.000000000000000000e+00,1.000000000000000000e+00,1.000000000000000000e+00,1.000000000000000000e+00,1.000000000000000000e+00,1.000000000000000000e+00,1.000000000000000000e+00,1.000000000000000000e+00,1.000000000000000000e+00,1.000000000000000000e+00,4.555659890174865723e-01,1.000000000000000000e+00
1.000000000000000000e+00,4.526369869709014893e-01,1.000000000000000000e+00,4.746089875698089600e-01,1.000000000000000000e+00,4.697270095348358154e-01,1.000000000000000000e+00,1.000000000000000000e+00,1.000000000000000000e+00,1.000000000000000000e+00,1.000000000000000000e+00,1.000000000000000000e+00,1.000000000000000000e+00,1.000000000000000000e+00,4.399409890174865723e-01,1.000000000000000000e+00,1.000000000000000000e+00,1.000000000000000000e+00,1.000000000000000000e+00,3.168950080871582031e-01,3.232420086860656738e-01,3.154299855232238770e-01,3.154299855232238770e-01,3.222660124301910400e-01,3.413090109825134277e-01,1.000000000000000000e+00,3.173829913139343262e-01,1.000000000000000000e+00,2.875980138778686523e-01,3.198240101337432861e-01,2.543950080871582031e-01,3.359380066394805908e-01,1.000000000000000000e+00,1.000000000000000000e+00,1.000000000000000000e+00,2.075199931859970093e-01,1.845699995756149292e-01,0.000000000000000000e+00,2.465820014476776123e-01,2.636719942092895508e-01,3.046880066394805908e-01,3.090820014476776123e-01,3.183589875698089600e-01,3.183589875698089600e-01,3.188480138778686523e-01,3.188480138778686523e-01,3.037109971046447754e-01,3.051759898662567139e-01,3.134770095348358154e-01,3.310549855232238770e-01,3.417969942092895508e-01,3.188480138778686523e-01,1.000000000000000000e+00,1.000000000000000000e+00,1.000000000000000000e+00,1.000000000000000000e+00,1.000000000000000000e+00,1.000000000000000000e+00,1.000000000000000000e+00,1.000000000000000000e+00,1.000000000000000000e+00,1.000000000000000000e+00,1.000000000000000000e+00,1.000000000000000000e+00,1.000000000000000000e+00,4.858399927616119385e-01,1.000000000000000000e+00,1.000000000000000000e+00,1.000000000000000000e+00,1.000000000000000000e+00,1.000000000000000000e+00,1.000000000000000000e+00,1.000000000000000000e+00,1.000000000000000000e+00,1.000000000000000000e+00,1.000000000000000000e+00,1.000000000000000000e+00,4.545899927616119385e-01,1.000000000000000000e+00,1.000000000000000000e+00,1.000000000000000000e+00,1.000000000000000000e+00,1.000000000000000000e+00,3.183589875698089600e-01,1.000000000000000000e+00,1.000000000000000000e+00,1.000000000000000000e+00,1.000000000000000000e+00,1.000000000000000000e+00,1.000000000000000000e+00,1.000000000000000000e+00,1.000000000000000000e+00,1.000000000000000000e+00,1.000000000000000000e+00,4.438480138778686523e-01,4.545899927616119385e-01,1.000000000000000000e+00
1.000000000000000000e+00,4.462890028953552246e-01,1.000000000000000000e+00,4.614259898662567139e-01,1.000000000000000000e+00,4.672850072383880615e-01,1.000000000000000000e+00,1.000000000000000000e+00,1.000000000000000000e+00,1.000000000000000000e+00,1.000000000000000000e+00,1.000000000000000000e+00,1.000000000000000000e+00,1.000000000000000000e+00,4.453119933605194092e-01,1.000000000000000000e+00,1.000000000000000000e+00,1.000000000000000000e+00,1.000000000000000000e+00,2.558589875698089600e-01,2.729490101337432861e-01,2.915039956569671631e-01,2.768549919128417969e-01,3.432619869709014893e-01,3.378910124301910400e-01,1.000000000000000000e+00,3.305659890174865723e-01,1.000000000000000000e+00,2.158199995756149292e-01,2.490230053663253784e-01,1.884769946336746216e-01,3.852539956569671631e-01,1.000000000000000000e+00,1.000000000000000000e+00,1.000000000000000000e+00,2.753910124301910400e-01,2.563480138778686523e-01,2.465820014476776123e-01,0.000000000000000000e+00,2.377929985523223877e-01,2.504880130290985107e-01,2.578119933605194092e-01,2.817380130290985107e-01,3.002929985523223877e-01,3.193359971046447754e-01,3.193359971046447754e-01,2.592769861221313477e-01,2.548829913139343262e-01,2.768549919128417969e-01,2.934570014476776123e-01,3.383789956569671631e-01,3.281250000000000000e-01,1.000000000000000000e+00,1.000000000000000000e+00,1.000000000000000000e+00,1.000000000000000000e+00,1.000000000000000000e+00,1.000000000000000000e+00,1.000000000000000000e+00,1.000000000000000000e+00,1.000000000000000000e+00,1.000000000000000000e+00,1.000000000000000000e+00,1.000000000000000000e+00,1.000000000000000000e+00,4.697270095348358154e-01,1.000000000000000000e+00,1.000000000000000000e+00,1.000000000000000000e+00,1.000000000000000000e+00,1.000000000000000000e+00,1.000000000000000000e+00,1.000000000000000000e+00,1.000000000000000000e+00,1.000000000000000000e+00,1.000000000000000000e+00,1.000000000000000000e+00,4.433589875698089600e-01,1.000000000000000000e+00,1.000000000000000000e+00,1.000000000000000000e+00,1.000000000000000000e+00,1.000000000000000000e+00,2.524409890174865723e-01,1.000000000000000000e+00,1.000000000000000000e+00,1.000000000000000000e+00,1.000000000000000000e+00,1.000000000000000000e+00,1.000000000000000000e+00,1.000000000000000000e+00,1.000000000000000000e+00,1.000000000000000000e+00,1.000000000000000000e+00,4.482420086860656738e-01,4.462890028953552246e-01,1.000000000000000000e+00
1.000000000000000000e+00,4.389649927616119385e-01,1.000000000000000000e+00,4.228520095348358154e-01,1.000000000000000000e+00,4.267579913139343262e-01,1.000000000000000000e+00,1.000000000000000000e+00,1.000000000000000000e+00,1.000000000000000000e+00,1.000000000000000000e+00,1.000000000000000000e+00,1.000000000000000000e+00,1.000000000000000000e+00,4.184570014476776123e-01,1.000000000000000000e+00,1.000000000000000000e+00,1.000000000000000000e+00,1.000000000000000000e+00,2.495120018720626831e-01,2.763670086860656738e-01,2.402340024709701538e-01,2.392580062150955200e-01,2.988280057907104492e-01,3.247070014476776123e-01,1.000000000000000000e+00,2.998049855232238770e-01,1.000000000000000000e+00,2.514649927616119385e-01,2.495120018720626831e-01,2.719730138778686523e-01,4.248049855232238770e-01,1.000000000000000000e+00,1.000000000000000000e+00,1.000000000000000000e+00,2.993159890174865723e-01,2.812500000000000000e-01,2.636719942092895508e-01,2.377929985523223877e-01,0.000000000000000000e+00,2.080080062150955200e-01,2.143550068140029907e-01,2.578119933605194092e-01,2.470699995756149292e-01,2.836909890174865723e-01,2.827149927616119385e-01,2.236330062150955200e-01,2.602539956569671631e-01,2.333980053663253784e-01,2.851560115814208984e-01,3.056640028953552246e-01,3.061519861221313477e-01,1.000000000000000000e+00,1.000000000000000000e+00,1.000000000000000000e+00,1.000000000000000000e+00,1.000000000000000000e+00,1.000000000000000000e+00,1.000000000000000000e+00,1.000000000000000000e+00,1.000000000000000000e+00,1.000000000000000000e+00,1.000000000000000000e+00,1.000000000000000000e+00,1.000000000000000000e+00,4.584960043430328369e-01,1.000000000000000000e+00,1.000000000000000000e+00,1.000000000000000000e+00,1.000000000000000000e+00,1.000000000000000000e+00,1.000000000000000000e+00,1.000000000000000000e+00,1.000000000000000000e+00,1.000000000000000000e+00,1.000000000000000000e+00,1.000000000000000000e+00,4.213869869709014893e-01,1.000000000000000000e+00,1.000000000000000000e+00,1.000000000000000000e+00,1.000000000000000000e+00,1.000000000000000000e+00,2.753910124301910400e-01,1.000000000000000000e+00,1.000000000000000000e+00,1.000000000000000000e+00,1.000000000000000000e+00,1.000000000000000000e+00,1.000000000000000000e+00,1.000000000000000000e+00,1.000000000000000000e+00,1.000000000000000000e+00,1.000000000000000000e+00,4.057619869709014893e-01,4.399409890174865723e-01,1.000000000000000000e+00
1.000000000000000000e+00,4.428710043430328369e-01,1.000000000000000000e+00,1.000000000000000000e+00,1.000000000000000000e+00,4.453119933605194092e-01,1.000000000000000000e+00,1.000000000000000000e+00,1.000000000000000000e+00,1.000000000000000000e+00,1.000000000000000000e+00,1.000000000000000000e+00,1.000000000000000000e+00,1.000000000000000000e+00,4.506840109825134277e-01,1.000000000000000000e+00,1.000000000000000000e+00,1.000000000000000000e+00,1.000000000000000000e+00,2.172850072383880615e-01,2.460940033197402954e-01,2.275390028953552246e-01,2.646479904651641846e-01,3.173829913139343262e-01,3.383789956569671631e-01,1.000000000000000000e+00,3.232420086860656738e-01,1.000000000000000000e+00,2.573240101337432861e-01,2.348629981279373169e-01,2.602539956569671631e-01,4.453119933605194092e-01,1.000000000000000000e+00,1.000000000000000000e+00,4.584960043430328369e-01,3.325200080871582031e-01,3.095700144767761230e-01,3.046880066394805908e-01,2.504880130290985107e-01,2.080080062150955200e-01,0.000000000000000000e+00,2.407229989767074585e-01,2.675780057907104492e-01,2.402340024709701538e-01,3.012700080871582031e-01,3.012700080871582031e-01,2.451169937849044800e-01,2.514649927616119385e-01,2.314449995756149292e-01,2.714839875698089600e-01,3.173829913139343262e-01,3.208009898662567139e-01,1.000000000000000000e+00,1.000000000000000000e+00,1.000000000000000000e+00,1.000000000000000000e+00,1.000000000000000000e+00,1.000000000000000000e+00,1.000000000000000000e+00,1.000000000000000000e+00,1.000000000000000000e+00,1.000000000000000000e+00,1.000000000000000000e+00,1.000000000000000000e+00,1.000000000000000000e+00,1.000000000000000000e+00,1.000000000000000000e+00,1.000000000000000000e+00,1.000000000000000000e+00,1.000000000000000000e+00,1.000000000000000000e+00,1.000000000000000000e+00,1.000000000000000000e+00,1.000000000000000000e+00,1.000000000000000000e+00,1.000000000000000000e+00,1.000000000000000000e+00,4.458009898662567139e-01,1.000000000000000000e+00,1.000000000000000000e+00,1.000000000000000000e+00,1.000000000000000000e+00,1.000000000000000000e+00,2.412109971046447754e-01,1.000000000000000000e+00,1.000000000000000000e+00,1.000000000000000000e+00,1.000000000000000000e+00,1.000000000000000000e+00,1.000000000000000000e+00,1.000000000000000000e+00,1.000000000000000000e+00,1.000000000000000000e+00,1.000000000000000000e+00,4.155269861221313477e-01,4.272460043430328369e-01,1.000000000000000000e+00
1.000000000000000000e+00,4.355469942092895508e-01,1.000000000000000000e+00,4.252929985523223877e-01,1.000000000000000000e+00,4.282230138778686523e-01,1.000000000000000000e+00,1.000000000000000000e+00,1.000000000000000000e+00,1.000000000000000000e+00,1.000000000000000000e+00,1.000000000000000000e+00,1.000000000000000000e+00,1.000000000000000000e+00,4.179689884185791016e-01,1.000000000000000000e+00,1.000000000000000000e+00,1.000000000000000000e+00,1.000000000000000000e+00,2.578119933605194092e-01,2.963869869709014893e-01,2.612299919128417969e-01,2.436520010232925415e-01,2.983399927616119385e-01,3.330079913139343262e-01,1.000000000000000000e+00,2.944340109825134277e-01,1.000000000000000000e+00,2.939450144767761230e-01,2.949219942092895508e-01,2.910160124301910400e-01,1.000000000000000000e+00,1.000000000000000000e+00,1.000000000000000000e+00,1.000000000000000000e+00,1.000000000000000000e+00,3.188480138778686523e-01,3.090820014476776123e-01,2.578119933605194092e-01,2.143550068140029907e-01,2.407229989767074585e-01,0.000000000000000000e+00,2.563480138778686523e-01,2.631840109825134277e-01,2.929689884185791016e-01,3.085939884185791016e-01,2.622070014476776123e-01,2.587890028953552246e-01,2.553710043430328369e-01,2.622070014476776123e-01,3.208009898662567139e-01,3.183589875698089600e-01,1.000000000000000000e+00,1.000000000000000000e+00,1.000000000000000000e+00,1.000000000000000000e+00,1.000000000000000000e+00,1.000000000000000000e+00,1.000000000000000000e+00,1.000000000000000000e+00,1.000000000000000000e+00,1.000000000000000000e+00,1.000000000000000000e+00,1.000000000000000000e+00,1.000000000000000000e+00,4.599609971046447754e-01,1.000000000000000000e+00,1.000000000000000000e+00,1.000000000000000000e+00,1.000000000000000000e+00,1.000000000000000000e+00,1.000000000000000000e+00,1.000000000000000000e+00,1.000000000000000000e+00,1.000000000000000000e+00,1.000000000000000000e+00,1.000000000000000000e+00,4.101560115814208984e-01,1.000000000000000000e+00,1.000000000000000000e+00,1.000000000000000000e+00,1.000000000000000000e+00,1.000000000000000000e+00,2.846679985523223877e-01,1.000000000000000000e+00,1.000000000000000000e+00,1.000000000000000000e+00,1.000000000000000000e+00,1.000000000000000000e+00,1.000000000000000000e+00,1.000000000000000000e+00,1.000000000000000000e+00,1.000000000000000000e+00,1.000000000000000000e+00,4.238280057907104492e-01,4.130859971046447754e-01,1.000000000000000000e+00
1.000000000000000000e+00,4.389649927616119385e-01,1.000000000000000000e+00,4.296880066394805908e-01,1.000000000000000000e+00,4.511719942092895508e-01,1.000000000000000000e+00,1.000000000000000000e+00,1.000000000000000000e+00,1.000000000000000000e+00,1.000000000000000000e+00,1.000000000000000000e+00,1.000000000000000000e+00,1.000000000000000000e+00,4.428710043430328369e-01,1.000000000000000000e+00,1.000000000000000000e+00,1.000000000000000000e+00,1.000000000000000000e+00,2.807619869709014893e-01,2.929689884185791016e-01,2.578119933605194092e-01,2.587890028953552246e-01,3.164060115814208984e-01,3.266600072383880615e-01,1.000000000000000000e+00,3.222660124301910400e-01,1.000000000000000000e+00,2.983399927616119385e-01,3.041990101337432861e-01,3.100590109825134277e-01,4.472660124301910400e-01,1.000000000000000000e+00,1.000000000000000000e+00,1.000000000000000000e+00,3.413090109825134277e-01,3.144530057907104492e-01,3.183589875698089600e-01,2.817380130290985107e-01,2.578119933605194092e-01,2.675780057907104492e-01,2.563480138778686523e-01,0.000000000000000000e+00,2.626950144767761230e-01,3.129880130290985107e-01,3.198240101337432861e-01,2.402340024709701538e-01,2.758789956569671631e-01,2.724609971046447754e-01,2.900390028953552246e-01,3.134770095348358154e-01,3.032230138778686523e-01,1.000000000000000000e+00,1.000000000000000000e+00,1.000000000000000000e+00,1.000000000000000000e+00,1.000000000000000000e+00,1.000000000000000000e+00,1.000000000000000000e+00,1.000000000000000000e+00,1.000000000000000000e+00,1.000000000000000000e+00,1.000000000000000000e+00,1.000000000000000000e+00,1.000000000000000000e+00,4.750980138778686523e-01,1.000000000000000000e+00,1.000000000000000000e+00,1.000000000000000000e+00,1.000000000000000000e+00,1.000000000000000000e+00,1.000000000000000000e+00,1.000000000000000000e+00,1.000000000000000000e+00,1.000000000000000000e+00,1.000000000000000000e+00,1.000000000000000000e+00,4.584960043430328369e-01,1.000000000000000000e+00,1.000000000000000000e+00,1.000000000000000000e+00,1.000000000000000000e+00,1.000000000000000000e+00,3.076170086860656738e-01,1.000000000000000000e+00,1.000000000000000000e+00,1.000000000000000000e+00,1.000000000000000000e+00,1.000000000000000000e+00,1.000000000000000000e+00,1.000000000000000000e+00,1.000000000000000000e+00,1.000000000000000000e+00,1.000000000000000000e+00,4.291990101337432861e-01,4.301759898662567139e-01,1.000000000000000000e+00
1.000000000000000000e+00,4.389649927616119385e-01,1.000000000000000000e+00,4.150390028953552246e-01,1.000000000000000000e+00,4.335939884185791016e-01,1.000000000000000000e+00,1.000000000000000000e+00,1.000000000000000000e+00,1.000000000000000000e+00,1.000000000000000000e+00,1.000000000000000000e+00,1.000000000000000000e+00,1.000000000000000000e+00,4.165039956569671631e-01,1.000000000000000000e+00,1.000000000000000000e+00,1.000000000000000000e+00,1.000000000000000000e+00,2.768549919128417969e-01,2.919920086860656738e-01,2.568359971046447754e-01,2.753910124301910400e-01,3.222660124301910400e-01,3.364259898662567139e-01,1.000000000000000000e+00,3.320310115814208984e-01,1.000000000000000000e+00,3.032230138778686523e-01,2.836909890174865723e-01,3.149409890174865723e-01,4.667969942092895508e-01,1.000000000000000000e+00,1.000000000000000000e+00,1.000000000000000000e+00,3.500980138778686523e-01,3.437500000000000000e-01,3.183589875698089600e-01,3.002929985523223877e-01,2.470699995756149292e-01,2.402340024709701538e-01,2.631840109825134277e-01,2.626950144767761230e-01,0.000000000000000000e+00,3.334960043430328369e-01,3.139649927616119385e-01,2.470699995756149292e-01,2.534179985523223877e-01,2.695310115814208984e-01,2.656250000000000000e-01,3.095700144767761230e-01,2.836909890174865723e-01,1.000000000000000000e+00,1.000000000000000000e+00,1.000000000000000000e+00,1.000000000000000000e+00,1.000000000000000000e+00,1.000000000000000000e+00,1.000000000000000000e+00,1.000000000000000000e+00,1.000000000000000000e+00,1.000000000000000000e+00,1.000000000000000000e+00,1.000000000000000000e+00,1.000000000000000000e+00,4.760740101337432861e-01,1.000000000000000000e+00,1.000000000000000000e+00,1.000000000000000000e+00,1.000000000000000000e+00,1.000000000000000000e+00,1.000000000000000000e+00,1.000000000000000000e+00,1.000000000000000000e+00,1.000000000000000000e+00,1.000000000000000000e+00,1.000000000000000000e+00,4.487299919128417969e-01,1.000000000000000000e+00,1.000000000000000000e+00,1.000000000000000000e+00,1.000000000000000000e+00,1.000000000000000000e+00,2.919920086860656738e-01,1.000000000000000000e+00,1.000000000000000000e+00,1.000000000000000000e+00,1.000000000000000000e+00,1.000000000000000000e+00,1.000000000000000000e+00,1.000000000000000000e+00,1.000000000000000000e+00,1.000000000000000000e+00,1.000000000000000000e+00,4.213869869709014893e-01,4.096679985523223877e-01,1.000000000000000000e+00
1.000000000000000000e+00,4.433589875698089600e-01,1.000000000000000000e+00,4.565429985523223877e-01,1.000000000000000000e+00,4.487299919128417969e-01,1.000000000000000000e+00,1.000000000000000000e+00,1.000000000000000000e+00,1.000000000000000000e+00,1.000000000000000000e+00,1.000000000000000000e+00,1.000000000000000000e+00,1.000000000000000000e+00,4.306640028953552246e-01,1.000000000000000000e+00,1.000000000000000000e+00,1.000000000000000000e+00,1.000000000000000000e+00,3.261719942092895508e-01,3.481450080871582031e-01,3.442380130290985107e-01,3.237299919128417969e-01,3.334960043430328369e-01,3.564450144767761230e-01,1.000000000000000000e+00,3.471679985523223877e-01,1.000000000000000000e+00,3.447270095348358154e-01,3.496089875698089600e-01,3.417969942092895508e-01,4.086909890174865723e-01,1.000000000000000000e+00,1.000000000000000000e+00,1.000000000000000000e+00,3.193359971046447754e-01,3.129880130290985107e-01,3.188480138778686523e-01,3.193359971046447754e-01,2.836909890174865723e-01,3.012700080871582031e-01,2.929689884185791016e-01,3.129880130290985107e-01,3.334960043430328369e-01,0.000000000000000000e+00,3.251950144767761230e-01,3.071289956569671631e-01,3.115229904651641846e-01,2.924799919128417969e-01,3.276369869709014893e-01,3.295899927616119385e-01,3.378910124301910400e-01,1.000000000000000000e+00,1.000000000000000000e+00,1.000000000000000000e+00,1.000000000000000000e+00,1.000000000000000000e+00,1.000000000000000000e+00,1.000000000000000000e+00,1.000000000000000000e+00,1.000000000000000000e+00,1.000000000000000000e+00,1.000000000000000000e+00,1.000000000000000000e+00,1.000000000000000000e+00,4.423829913139343262e-01,1.000000000000000000e+00,1.000000000000000000e+00,1.000000000000000000e+00,1.000000000000000000e+00,1.000000000000000000e+00,1.000000000000000000e+00,1.000000000000000000e+00,1.000000000000000000e+00,1.000000000000000000e+00,1.000000000000000000e+00,1.000000000000000000e+00,4.423829913139343262e-01,1.000000000000000000e+00,1.000000000000000000e+00,1.000000000000000000e+00,1.000000000000000000e+00,1.000000000000000000e+00,3.481450080871582031e-01,1.000000000000000000e+00,1.000000000000000000e+00,1.000000000000000000e+00,1.000000000000000000e+00,1.000000000000000000e+00,1.000000000000000000e+00,1.000000000000000000e+00,1.000000000000000000e+00,1.000000000000000000e+00,1.000000000000000000e+00,4.228520095348358154e-01,4.423829913139343262e-01,1.000000000000000000e+00
1.000000000000000000e+00,4.746089875698089600e-01,1.000000000000000000e+00,1.000000000000000000e+00,1.000000000000000000e+00,4.516600072383880615e-01,1.000000000000000000e+00,1.000000000000000000e+00,1.000000000000000000e+00,1.000000000000000000e+00,1.000000000000000000e+00,1.000000000000000000e+00,1.000000000000000000e+00,1.000000000000000000e+00,4.345700144767761230e-01,1.000000000000000000e+00,1.000000000000000000e+00,1.000000000000000000e+00,1.000000000000000000e+00,3.232420086860656738e-01,3.520509898662567139e-01,3.139649927616119385e-01,3.237299919128417969e-01,3.315429985523223877e-01,3.496089875698089600e-01,1.000000000000000000e+00,3.227539956569671631e-01,1.000000000000000000e+00,3.310549855232238770e-01,3.349609971046447754e-01,3.271479904651641846e-01,4.213869869709014893e-01,1.000000000000000000e+00,1.000000000000000000e+00,4.326170086860656738e-01,3.408200144767761230e-01,3.413090109825134277e-01,3.188480138778686523e-01,3.193359971046447754e-01,2.827149927616119385e-01,3.012700080871582031e-01,3.085939884185791016e-01,3.198240101337432861e-01,3.139649927616119385e-01,3.251950144767761230e-01,0.000000000000000000e+00,2.993159890174865723e-01,3.125000000000000000e-01,2.934570014476776123e-01,3.168950080871582031e-01,3.364259898662567139e-01,3.320310115814208984e-01,1.000000000000000000e+00,1.000000000000000000e+00,1.000000000000000000e+00,1.000000000000000000e+00,1.000000000000000000e+00,1.000000000000000000e+00,1.000000000000000000e+00,1.000000000000000000e+00,1.000000000000000000e+00,1.000000000000000000e+00,1.000000000000000000e+00,1.000000000000000000e+00,1.000000000000000000e+00,1.000000000000000000e+00,1.000000000000000000e+00,1.000000000000000000e+00,1.000000000000000000e+00,1.000000000000000000e+00,1.000000000000000000e+00,1.000000000000000000e+00,1.000000000000000000e+00,1.000000000000000000e+00,1.000000000000000000e+00,1.000000000000000000e+00,1.000000000000000000e+00,4.414060115814208984e-01,1.000000000000000000e+00,1.000000000000000000e+00,1.000000000000000000e+00,1.000000000000000000e+00,1.000000000000000000e+00,3.500980138778686523e-01,1.000000000000000000e+00,1.000000000000000000e+00,1.000000000000000000e+00,1.000000000000000000e+00,1.000000000000000000e+00,1.000000000000000000e+00,1.000000000000000000e+00,1.000000000000000000e+00,1.000000000000000000e+00,1.000000000000000000e+00,4.287109971046447754e-01,4.501950144767761230e-01,1.000000000000000000e+00
1.000000000000000000e+00,4.467769861221313477e-01,1.000000000000000000e+00,4.482420086860656738e-01,1.000000000000000000e+00,4.296880066394805908e-01,1.000000000000000000e+00,1.000000000000000000e+00,1.000000000000000000e+00,1.000000000000000000e+00,1.000000000000000000e+00,1.000000000000000000e+00,1.000000000000000000e+00,1.000000000000000000e+00,4.252929985523223877e-01,1.000000000000000000e+00,1.000000000000000000e+00,1.000000000000000000e+00,1.000000000000000000e+00,2.202149927616119385e-01,2.529299855232238770e-01,2.236330062150955200e-01,2.558589875698089600e-01,3.310549855232238770e-01,3.276369869709014893e-01,1.000000000000000000e+00,3.271479904651641846e-01,1.000000000000000000e+00,2.729490101337432861e-01,2.299800068140029907e-01,2.670899927616119385e-01,4.433589875698089600e-01,1.000000000000000000e+00,1.000000000000000000e+00,1.000000000000000000e+00,3.198240101337432861e-01,3.134770095348358154e-01,3.037109971046447754e-01,2.592769861221313477e-01,2.236330062150955200e-01,2.451169937849044800e-01,2.622070014476776123e-01,2.402340024709701538e-01,2.470699995756149292e-01,3.071289956569671631e-01,2.993159890174865723e-01,0.000000000000000000e+00,2.514649927616119385e-01,1.777340024709701538e-01,2.539060115814208984e-01,2.792969942092895508e-01,3.149409890174865723e-01,1.000000000000000000e+00,1.000000000000000000e+00,1.000000000000000000e+00,1.000000000000000000e+00,1.000000000000000000e+00,1.000000000000000000e+00,1.000000000000000000e+00,1.000000000000000000e+00,1.000000000000000000e+00,1.000000000000000000e+00,1.000000000000000000e+00,1.000000000000000000e+00,1.000000000000000000e+00,4.692380130290985107e-01,1.000000000000000000e+00,1.000000000000000000e+00,1.000000000000000000e+00,1.000000000000000000e+00,1.000000000000000000e+00,1.000000000000000000e+00,1.000000000000000000e+00,1.000000000000000000e+00,1.000000000000000000e+00,1.000000000000000000e+00,1.000000000000000000e+00,4.584960043430328369e-01,1.000000000000000000e+00,1.000000000000000000e+00,1.000000000000000000e+00,1.000000000000000000e+00,1.000000000000000000e+00,2.441409975290298462e-01,1.000000000000000000e+00,1.000000000000000000e+00,1.000000000000000000e+00,1.000000000000000000e+00,1.000000000000000000e+00,1.000000000000000000e+00,1.000000000000000000e+00,1.000000000000000000e+00,1.000000000000000000e+00,1.000000000000000000e+00,4.155269861221313477e-01,4.086909890174865723e-01,1.000000000000000000e+00
1.000000000000000000e+00,4.238280057907104492e-01,1.000000000000000000e+00,4.233399927616119385e-01,1.000000000000000000e+00,4.458009898662567139e-01,1.000000000000000000e+00,1.000000000000000000e+00,1.000000000000000000e+00,1.000000000000000000e+00,1.000000000000000000e+00,1.000000000000000000e+00,1.000000000000000000e+00,1.000000000000000000e+00,4.384770095348358154e-01,1.000000000000000000e+00,1.000000000000000000e+00,1.000000000000000000e+00,1.000000000000000000e+00,2.753910124301910400e-01,2.924799919128417969e-01,2.670899927616119385e-01,2.778320014476776123e-01,3.393549919128417969e-01,3.310549855232238770e-01,1.000000000000000000e+00,3.383789956569671631e-01,1.000000000000000000e+00,2.802729904651641846e-01,2.851560115814208984e-01,2.812500000000000000e-01,1.000000000000000000e+00,1.000000000000000000e+00,1.000000000000000000e+00,1.000000000000000000e+00,1.000000000000000000e+00,3.305659890174865723e-01,3.051759898662567139e-01,2.548829913139343262e-01,2.602539956569671631e-01,2.514649927616119385e-01,2.587890028953552246e-01,2.758789956569671631e-01,2.534179985523223877e-01,3.115229904651641846e-01,3.125000000000000000e-01,2.514649927616119385e-01,0.000000000000000000e+00,2.563480138778686523e-01,2.739259898662567139e-01,3.237299919128417969e-01,3.271479904651641846e-01,1.000000000000000000e+00,1.000000000000000000e+00,1.000000000000000000e+00,1.000000000000000000e+00,1.000000000000000000e+00,1.000000000000000000e+00,1.000000000000000000e+00,1.000000000000000000e+00,1.000000000000000000e+00,1.000000000000000000e+00,1.000000000000000000e+00,1.000000000000000000e+00,1.000000000000000000e+00,4.658200144767761230e-01,1.000000000000000000e+00,1.000000000000000000e+00,1.000000000000000000e+00,1.000000000000000000e+00,1.000000000000000000e+00,1.000000000000000000e+00,1.000000000000000000e+00,1.000000000000000000e+00,1.000000000000000000e+00,1.000000000000000000e+00,1.000000000000000000e+00,4.521479904651641846e-01,1.000000000000000000e+00,1.000000000000000000e+00,1.000000000000000000e+00,1.000000000000000000e+00,1.000000000000000000e+00,2.856450080871582031e-01,1.000000000000000000e+00,1.000000000000000000e+00,1.000000000000000000e+00,1.000000000000000000e+00,1.000000000000000000e+00,1.000000000000000000e+00,1.000000000000000000e+00,1.000000000000000000e+00,1.000000000000000000e+00,1.000000000000000000e+00,4.091799855232238770e-01,4.326170086860656738e-01,1.000000000000000000e+00
1.000000000000000000e+00,4.262700080871582031e-01,1.000000000000000000e+00,4.296880066394805908e-01,1.000000000000000000e+00,4.423829913139343262e-01,1.000000000000000000e+00,1.000000000000000000e+00,1.000000000000000000e+00,1.000000000000000000e+00,1.000000000000000000e+00,1.000000000000000000e+00,1.000000000000000000e+00,1.000000000000000000e+00,4.291990101337432861e-01,1.000000000000000000e+00,1.000000000000000000e+00,1.000000000000000000e+00,1.000000000000000000e+00,2.416989952325820923e-01,2.763670086860656738e-01,2.578119933605194092e-01,2.578119933605194092e-01,3.203119933605194092e-01,3.139649927616119385e-01,1.000000000000000000e+00,3.173829913139343262e-01,1.000000000000000000e+00,2.924799919128417969e-01,2.534179985523223877e-01,3.022460043430328369e-01,4.521479904651641846e-01,1.000000000000000000e+00,1.000000000000000000e+00,1.000000000000000000e+00,3.334960043430328369e-01,3.251950144767761230e-01,3.134770095348358154e-01,2.768549919128417969e-01,2.333980053663253784e-01,2.314449995756149292e-01,2.553710043430328369e-01,2.724609971046447754e-01,2.695310115814208984e-01,2.924799919128417969e-01,2.934570014476776123e-01,1.777340024709701538e-01,2.563480138778686523e-01,0.000000000000000000e+00,2.460940033197402954e-01,3.017579913139343262e-01,3.159179985523223877e-01,1.000000000000000000e+00,1.000000000000000000e+00,1.000000000000000000e+00,1.000000000000000000e+00,1.000000000000000000e+00,1.000000000000000000e+00,1.000000000000000000e+00,1.000000000000000000e+00,1.000000000000000000e+00,1.000000000000000000e+00,1.000000000000000000e+00,1.000000000000000000e+00,1.000000000000000000e+00,4.721679985523223877e-01,1.000000000000000000e+00,1.000000000000000000e+00,1.000000000000000000e+00,1.000000000000000000e+00,1.000000000000000000e+00,1.000000000000000000e+00,1.000000000000000000e+00,1.000000000000000000e+00,1.000000000000000000e+00,1.000000000000000000e+00,1.000000000000000000e+00,4.565429985523223877e-01,1.000000000000000000e+00,1.000000000000000000e+00,1.000000000000000000e+00,1.000000000000000000e+00,1.000000000000000000e+00,2.587890028953552246e-01,1.000000000000000000e+00,1.000000000000000000e+00,1.000000000000000000e+00,1.000000000000000000e+00,1.000000000000000000e+00,1.000000000000000000e+00,1.000000000000000000e+00,1.000000000000000000e+00,1.000000000000000000e+00,1.000000000000000000e+00,4.106450080871582031e-01,4.252929985523223877e-01,1.000000000000000000e+00
1.000000000000000000e+00,4.291990101337432861e-01,1.000000000000000000e+00,4.306640028953552246e-01,1.000000000000000000e+00,4.521479904651641846e-01,1.000000000000000000e+00,1.000000000000000000e+00,1.000000000000000000e+00,1.000000000000000000e+00,1.000000000000000000e+00,1.000000000000000000e+00,1.000000000000000000e+00,1.000000000000000000e+00,4.243159890174865723e-01,1.000000000000000000e+00,1.000000000000000000e+00,1.000000000000000000e+00,1.000000000000000000e+00,3.090820014476776123e-01,3.115229904651641846e-01,2.900390028953552246e-01,2.861329913139343262e-01,3.320310115814208984e-01,3.315429985523223877e-01,1.000000000000000000e+00,3.369140028953552246e-01,1.000000000000000000e+00,3.012700080871582031e-01,3.139649927616119385e-01,3.090820014476776123e-01,4.619140028953552246e-01,1.000000000000000000e+00,1.000000000000000000e+00,1.000000000000000000e+00,3.452149927616119385e-01,3.476560115814208984e-01,3.310549855232238770e-01,2.934570014476776123e-01,2.851560115814208984e-01,2.714839875698089600e-01,2.622070014476776123e-01,2.900390028953552246e-01,2.656250000000000000e-01,3.276369869709014893e-01,3.168950080871582031e-01,2.539060115814208984e-01,2.739259898662567139e-01,2.460940033197402954e-01,0.000000000000000000e+00,3.173829913139343262e-01,3.012700080871582031e-01,1.000000000000000000e+00,1.000000000000000000e+00,1.000000000000000000e+00,1.000000000000000000e+00,1.000000000000000000e+00,1.000000000000000000e+00,1.000000000000000000e+00,1.000000000000000000e+00,1.000000000000000000e+00,1.000000000000000000e+00,1.000000000000000000e+00,1.000000000000000000e+00,1.000000000000000000e+00,4.750980138778686523e-01,1.000000000000000000e+00,1.000000000000000000e+00,1.000000000000000000e+00,1.000000000000000000e+00,1.000000000000000000e+00,1.000000000000000000e+00,1.000000000000000000e+00,1.000000000000000000e+00,1.000000000000000000e+00,1.000000000000000000e+00,1.000000000000000000e+00,4.467769861221313477e-01,1.000000000000000000e+00,1.000000000000000000e+00,1.000000000000000000e+00,1.000000000000000000e+00,1.000000000000000000e+00,3.203119933605194092e-01,1.000000000000000000e+00,1.000000000000000000e+00,1.000000000000000000e+00,1.000000000000000000e+00,1.000000000000000000e+00,1.000000000000000000e+00,1.000000000000000000e+00,1.000000000000000000e+00,1.000000000000000000e+00,1.000000000000000000e+00,4.223630130290985107e-01,4.116210043430328369e-01,1.000000000000000000e+00
1.000000000000000000e+00,4.409179985523223877e-01,1.000000000000000000e+00,1.000000000000000000e+00,1.000000000000000000e+00,1.000000000000000000e+00,1.000000000000000000e+00,1.000000000000000000e+00,1.000000000000000000e+00,1.000000000000000000e+00,1.000000000000000000e+00,1.000000000000000000e+00,1.000000000000000000e+00,1.000000000000000000e+00,4.096679985523223877e-01,1.000000000000000000e+00,1.000000000000000000e+00,1.000000000000000000e+00,1.000000000000000000e+00,3.461909890174865723e-01,3.740229904651641846e-01,3.320310115814208984e-01,3.203119933605194092e-01,3.427729904651641846e-01,3.579100072383880615e-01,1.000000000000000000e+00,3.359380066394805908e-01,1.000000000000000000e+00,3.666990101337432861e-01,3.754880130290985107e-01,3.657230138778686523e-01,4.531250000000000000e-01,1.000000000000000000e+00,1.000000000000000000e+00,4.506840109825134277e-01,3.745119869709014893e-01,3.593750000000000000e-01,3.417969942092895508e-01,3.383789956569671631e-01,3.056640028953552246e-01,3.173829913139343262e-01,3.208009898662567139e-01,3.134770095348358154e-01,3.095700144767761230e-01,3.295899927616119385e-01,3.364259898662567139e-01,2.792969942092895508e-01,3.237299919128417969e-01,3.017579913139343262e-01,3.173829913139343262e-01,0.000000000000000000e+00,3.159179985523223877e-01,1.000000000000000000e+00,1.000000000000000000e+00,1.000000000000000000e+00,1.000000000000000000e+00,1.000000000000000000e+00,1.000000000000000000e+00,1.000000000000000000e+00,1.000000000000000000e+00,1.000000000000000000e+00,1.000000000000000000e+00,1.000000000000000000e+00,1.000000000000000000e+00,1.000000000000000000e+00,1.000000000000000000e+00,1.000000000000000000e+00,1.000000000000000000e+00,1.000000000000000000e+00,1.000000000000000000e+00,1.000000000000000000e+00,1.000000000000000000e+00,1.000000000000000000e+00,1.000000000000000000e+00,1.000000000000000000e+00,1.000000000000000000e+00,1.000000000000000000e+00,4.321289956569671631e-01,1.000000000000000000e+00,1.000000000000000000e+00,1.000000000000000000e+00,1.000000000000000000e+00,1.000000000000000000e+00,3.798829913139343262e-01,1.000000000000000000e+00,1.000000000000000000e+00,1.000000000000000000e+00,1.000000000000000000e+00,1.000000000000000000e+00,1.000000000000000000e+00,1.000000000000000000e+00,1.000000000000000000e+00,1.000000000000000000e+00,1.000000000000000000e+00,4.291990101337432861e-01,4.047850072383880615e-01,1.000000000000000000e+00
1.000000000000000000e+00,4.433589875698089600e-01,1.000000000000000000e+00,1.000000000000000000e+00,1.000000000000000000e+00,4.409179985523223877e-01,1.000000000000000000e+00,1.000000000000000000e+00,1.000000000000000000e+00,1.000000000000000000e+00,1.000000000000000000e+00,1.000000000000000000e+00,1.000000000000000000e+00,1.000000000000000000e+00,4.316410124301910400e-01,1.000000000000000000e+00,1.000000000000000000e+00,1.000000000000000000e+00,1.000000000000000000e+00,3.300780057907104492e-01,3.627929985523223877e-01,3.403320014476776123e-01,3.256840109825134277e-01,3.442380130290985107e-01,3.544920086860656738e-01,1.000000000000000000e+00,3.481450080871582031e-01,1.000000000000000000e+00,3.398439884185791016e-01,3.525390028953552246e-01,3.496089875698089600e-01,4.409179985523223877e-01,1.000000000000000000e+00,1.000000000000000000e+00,1.000000000000000000e+00,3.515619933605194092e-01,3.403320014476776123e-01,3.188480138778686523e-01,3.281250000000000000e-01,3.061519861221313477e-01,3.208009898662567139e-01,3.183589875698089600e-01,3.032230138778686523e-01,2.836909890174865723e-01,3.378910124301910400e-01,3.320310115814208984e-01,3.149409890174865723e-01,3.271479904651641846e-01,3.159179985523223877e-01,3.012700080871582031e-01,3.159179985523223877e-01,0.000000000000000000e+00,1.000000000000000000e+00,1.000000000000000000e+00,1.000000000000000000e+00,1.000000000000000000e+00,1.000000000000000000e+00,1.000000000000000000e+00,1.000000000000000000e+00,1.000000000000000000e+00,1.000000000000000000e+00,1.000000000000000000e+00,1.000000000000000000e+00,1.000000000000000000e+00,1.000000000000000000e+00,4.619140028953552246e-01,1.000000000000000000e+00,1.000000000000000000e+00,1.000000000000000000e+00,1.000000000000000000e+00,1.000000000000000000e+00,1.000000000000000000e+00,1.000000000000000000e+00,1.000000000000000000e+00,1.000000000000000000e+00,1.000000000000000000e+00,1.000000000000000000e+00,4.609380066394805908e-01,1.000000000000000000e+00,1.000000000000000000e+00,1.000000000000000000e+00,1.000000000000000000e+00,1.000000000000000000e+00,3.549799919128417969e-01,1.000000000000000000e+00,1.000000000000000000e+00,1.000000000000000000e+00,1.000000000000000000e+00,1.000000000000000000e+00,1.000000000000000000e+00,1.000000000000000000e+00,1.000000000000000000e+00,1.000000000000000000e+00,1.000000000000000000e+00,4.130859971046447754e-01,4.277339875698089600e-01,1.000000000000000000e+00
1.000000000000000000e+00,1.000000000000000000e+00,1.000000000000000000e+00,1.000000000000000000e+00,1.000000000000000000e+00,1.000000000000000000e+00,1.000000000000000000e+00,1.000000000000000000e+00,1.000000000000000000e+00,1.000000000000000000e+00,1.000000000000000000e+00,1.000000000000000000e+00,1.000000000000000000e+00,1.000000000000000000e+00,1.000000000000000000e+00,1.000000000000000000e+00,1.000000000000000000e+00,1.000000000000000000e+00,1.000000000000000000e+00,1.000000000000000000e+00,1.000000000000000000e+00,1.000000000000000000e+00,1.000000000000000000e+00,1.000000000000000000e+00,1.000000000000000000e+00,1.000000000000000000e+00,1.000000000000000000e+00,1.000000000000000000e+00,1.000000000000000000e+00,1.000000000000000000e+00,1.000000000000000000e+00,4.682619869709014893e-01,1.000000000000000000e+00,1.000000000000000000e+00,5.068359971046447754e-01,4.990229904651641846e-01,4.907230138778686523e-01,1.000000000000000000e+00,1.000000000000000000e+00,1.000000000000000000e+00,1.000000000000000000e+00,1.000000000000000000e+00,1.000000000000000000e+00,1.000000000000000000e+00,1.000000000000000000e+00,1.000000000000000000e+00,1.000000000000000000e+00,1.000000000000000000e+00,1.000000000000000000e+00,1.000000000000000000e+00,1.000000000000000000e+00,1.000000000000000000e+00,0.000000000000000000e+00,1.000000000000000000e+00,1.000000000000000000e+00,1.000000000000000000e+00,1.000000000000000000e+00,1.000000000000000000e+00,1.000000000000000000e+00,1.000000000000000000e+00,1.000000000000000000e+00,1.000000000000000000e+00,1.000000000000000000e+00,1.000000000000000000e+00,1.000000000000000000e+00,1.000000000000000000e+00,1.000000000000000000e+00,1.000000000000000000e+00,1.000000000000000000e+00,1.000000000000000000e+00,1.000000000000000000e+00,1.000000000000000000e+00,1.000000000000000000e+00,1.000000000000000000e+00,1.000000000000000000e+00,1.000000000000000000e+00,1.000000000000000000e+00,1.000000000000000000e+00,1.000000000000000000e+00,1.000000000000000000e+00,1.000000000000000000e+00,1.000000000000000000e+00,1.000000000000000000e+00,1.000000000000000000e+00,1.000000000000000000e+00,1.000000000000000000e+00,1.000000000000000000e+00,1.000000000000000000e+00,4.375000000000000000e-01,1.000000000000000000e+00,1.000000000000000000e+00,1.000000000000000000e+00,1.000000000000000000e+00,1.000000000000000000e+00,1.000000000000000000e+00,1.000000000000000000e+00,4.726560115814208984e-01
1.000000000000000000e+00,1.000000000000000000e+00,4.531250000000000000e-01,1.000000000000000000e+00,4.360350072383880615e-01,1.000000000000000000e+00,1.000000000000000000e+00,1.000000000000000000e+00,1.000000000000000000e+00,1.000000000000000000e+00,1.000000000000000000e+00,1.000000000000000000e+00,1.000000000000000000e+00,4.438480138778686523e-01,1.000000000000000000e+00,1.000000000000000000e+00,1.000000000000000000e+00,1.000000000000000000e+00,4.506840109825134277e-01,1.000000000000000000e+00,1.000000000000000000e+00,1.000000000000000000e+00,1.000000000000000000e+00,1.000000000000000000e+00,1.000000000000000000e+00,1.000000000000000000e+00,1.000000000000000000e+00,1.000000000000000000e+00,1.000000000000000000e+00,1.000000000000000000e+00,1.000000000000000000e+00,1.000000000000000000e+00,1.000000000000000000e+00,1.000000000000000000e+00,1.000000000000000000e+00,1.000000000000000000e+00,1.000000000000000000e+00,1.000000000000000000e+00,1.000000000000000000e+00,1.000000000000000000e+00,1.000000000000000000e+00,1.000000000000000000e+00,1.000000000000000000e+00,1.000000000000000000e+00,1.000000000000000000e+00,1.000000000000000000e+00,1.000000000000000000e+00,1.000000000000000000e+00,1.000000000000000000e+00,1.000000000000000000e+00,1.000000000000000000e+00,1.000000000000000000e+00,1.000000000000000000e+00,0.000000000000000000e+00,4.013670086860656738e-01,1.000000000000000000e+00,1.000000000000000000e+00,1.000000000000000000e+00,1.000000000000000000e+00,4.555659890174865723e-01,1.000000000000000000e+00,4.375000000000000000e-01,4.370119869709014893e-01,1.000000000000000000e+00,1.000000000000000000e+00,1.000000000000000000e+00,1.000000000000000000e+00,4.018549919128417969e-01,1.000000000000000000e+00,4.194340109825134277e-01,4.609380066394805908e-01,1.000000000000000000e+00,4.526369869709014893e-01,1.000000000000000000e+00,1.000000000000000000e+00,4.453119933605194092e-01,1.000000000000000000e+00,1.000000000000000000e+00,4.580079913139343262e-01,1.000000000000000000e+00,1.000000000000000000e+00,1.000000000000000000e+00,4.614259898662567139e-01,1.000000000000000000e+00,1.000000000000000000e+00,4.575200080871582031e-01,4.672850072383880615e-01,1.000000000000000000e+00,1.000000000000000000e+00,1.000000000000000000e+00,1.000000000000000000e+00,1.000000000000000000e+00,1.000000000000000000e+00,1.000000000000000000e+00,1.000000000000000000e+00,1.000000000000000000e+00,1.000000000000000000e+00
1.000000000000000000e+00,1.000000000000000000e+00,1.000000000000000000e+00,1.000000000000000000e+00,4.272460043430328369e-01,1.000000000000000000e+00,4.604490101337432861e-01,4.487299919128417969e-01,4.340820014476776123e-01,1.000000000000000000e+00,1.000000000000000000e+00,1.000000000000000000e+00,4.750980138778686523e-01,1.000000000000000000e+00,1.000000000000000000e+00,4.252929985523223877e-01,1.000000000000000000e+00,1.000000000000000000e+00,4.047850072383880615e-01,1.000000000000000000e+00,1.000000000000000000e+00,1.000000000000000000e+00,1.000000000000000000e+00,1.000000000000000000e+00,1.000000000000000000e+00,1.000000000000000000e+00,1.000000000000000000e+00,1.000000000000000000e+00,1.000000000000000000e+00,1.000000000000000000e+00,1.000000000000000000e+00,1.000000000000000000e+00,1.000000000000000000e+00,1.000000000000000000e+00,1.000000000000000000e+00,1.000000000000000000e+00,1.000000000000000000e+00,1.000000000000000000e+00,1.000000000000000000e+00,1.000000000000000000e+00,1.000000000000000000e+00,1.000000000000000000e+00,1.000000000000000000e+00,1.000000000000000000e+00,1.000000000000000000e+00,1.000000000000000000e+00,1.000000000000000000e+00,1.000000000000000000e+00,1.000000000000000000e+00,1.000000000000000000e+00,1.000000000000000000e+00,1.000000000000000000e+00,1.000000000000000000e+00,4.013670086860656738e-01,0.000000000000000000e+00,4.575200080871582031e-01,1.000000000000000000e+00,1.000000000000000000e+00,1.000000000000000000e+00,4.604490101337432861e-01,1.000000000000000000e+00,1.000000000000000000e+00,1.000000000000000000e+00,1.000000000000000000e+00,4.506840109825134277e-01,1.000000000000000000e+00,1.000000000000000000e+00,1.000000000000000000e+00,1.000000000000000000e+00,4.370119869709014893e-01,4.375000000000000000e-01,1.000000000000000000e+00,4.301759898662567139e-01,4.218750000000000000e-01,1.000000000000000000e+00,4.052729904651641846e-01,1.000000000000000000e+00,1.000000000000000000e+00,1.000000000000000000e+00,1.000000000000000000e+00,1.000000000000000000e+00,1.000000000000000000e+00,4.321289956569671631e-01,1.000000000000000000e+00,1.000000000000000000e+00,4.311519861221313477e-01,4.243159890174865723e-01,1.000000000000000000e+00,1.000000000000000000e+00,1.000000000000000000e+00,1.000000000000000000e+00,1.000000000000000000e+00,1.000000000000000000e+00,4.340820014476776123e-01,1.000000000000000000e+00,1.000000000000000000e+00,1.000000000000000000e+00
1.000000000000000000e+00,1.000000000000000000e+00,1.000000000000000000e+00,1.000000000000000000e+00,4.492189884185791016e-01,1.000000000000000000e+00,4.638670086860656738e-01,4.736329913139343262e-01,4.287109971046447754e-01,4.550780057907104492e-01,1.000000000000000000e+00,1.000000000000000000e+00,4.814450144767761230e-01,1.000000000000000000e+00,1.000000000000000000e+00,4.345700144767761230e-01,1.000000000000000000e+00,1.000000000000000000e+00,1.000000000000000000e+00,1.000000000000000000e+00,1.000000000000000000e+00,1.000000000000000000e+00,1.000000000000000000e+00,1.000000000000000000e+00,1.000000000000000000e+00,4.672850072383880615e-01,1.000000000000000000e+00,4.814450144767761230e-01,1.000000000000000000e+00,1.000000000000000000e+00,1.000000000000000000e+00,1.000000000000000000e+00,4.863280057907104492e-01,4.633789956569671631e-01,1.000000000000000000e+00,1.000000000000000000e+00,1.000000000000000000e+00,1.000000000000000000e+00,1.000000000000000000e+00,1.000000000000000000e+00,1.000000000000000000e+00,1.000000000000000000e+00,1.000000000000000000e+00,1.000000000000000000e+00,1.000000000000000000e+00,1.000000000000000000e+00,1.000000000000000000e+00,1.000000000000000000e+00,1.000000000000000000e+00,1.000000000000000000e+00,1.000000000000000000e+00,1.000000000000000000e+00,1.000000000000000000e+00,1.000000000000000000e+00,4.575200080871582031e-01,0.000000000000000000e+00,1.000000000000000000e+00,1.000000000000000000e+00,1.000000000000000000e+00,4.433589875698089600e-01,1.000000000000000000e+00,1.000000000000000000e+00,1.000000000000000000e+00,4.726560115814208984e-01,4.648439884185791016e-01,1.000000000000000000e+00,1.000000000000000000e+00,1.000000000000000000e+00,1.000000000000000000e+00,4.716799855232238770e-01,4.643549919128417969e-01,1.000000000000000000e+00,4.687500000000000000e-01,4.165039956569671631e-01,1.000000000000000000e+00,4.497070014476776123e-01,1.000000000000000000e+00,1.000000000000000000e+00,1.000000000000000000e+00,1.000000000000000000e+00,1.000000000000000000e+00,1.000000000000000000e+00,4.628910124301910400e-01,1.000000000000000000e+00,1.000000000000000000e+00,1.000000000000000000e+00,1.000000000000000000e+00,1.000000000000000000e+00,1.000000000000000000e+00,1.000000000000000000e+00,1.000000000000000000e+00,1.000000000000000000e+00,1.000000000000000000e+00,4.736329913139343262e-01,1.000000000000000000e+00,1.000000000000000000e+00,1.000000000000000000e+00
1.000000000000000000e+00,1.000000000000000000e+00,1.000000000000000000e+00,1.000000000000000000e+00,1.000000000000000000e+00,1.000000000000000000e+00,1.000000000000000000e+00,1.000000000000000000e+00,4.047850072383880615e-01,4.370119869709014893e-01,1.000000000000000000e+00,1.000000000000000000e+00,4.379880130290985107e-01,1.000000000000000000e+00,1.000000000000000000e+00,1.000000000000000000e+00,1.000000000000000000e+00,1.000000000000000000e+00,1.000000000000000000e+00,1.000000000000000000e+00,1.000000000000000000e+00,1.000000000000000000e+00,1.000000000000000000e+00,1.000000000000000000e+00,1.000000000000000000e+00,4.042969942092895508e-01,1.000000000000000000e+00,4.526369869709014893e-01,1.000000000000000000e+00,1.000000000000000000e+00,1.000000000000000000e+00,1.000000000000000000e+00,4.506840109825134277e-01,4.384770095348358154e-01,1.000000000000000000e+00,1.000000000000000000e+00,1.000000000000000000e+00,1.000000000000000000e+00,1.000000000000000000e+00,1.000000000000000000e+00,1.000000000000000000e+00,1.000000000000000000e+00,1.000000000000000000e+00,1.000000000000000000e+00,1.000000000000000000e+00,1.000000000000000000e+00,1.000000000000000000e+00,1.000000000000000000e+00,1.000000000000000000e+00,1.000000000000000000e+00,1.000000000000000000e+00,1.000000000000000000e+00,1.000000000000000000e+00,1.000000000000000000e+00,1.000000000000000000e+00,1.000000000000000000e+00,0.000000000000000000e+00,2.734380066394805908e-01,1.000000000000000000e+00,1.000000000000000000e+00,1.000000000000000000e+00,1.000000000000000000e+00,1.000000000000000000e+00,3.911130130290985107e-01,1.000000000000000000e+00,1.000000000000000000e+00,1.000000000000000000e+00,1.000000000000000000e+00,4.135740101337432861e-01,1.000000000000000000e+00,1.000000000000000000e+00,4.150390028953552246e-01,1.000000000000000000e+00,1.000000000000000000e+00,1.000000000000000000e+00,1.000000000000000000e+00,1.000000000000000000e+00,1.000000000000000000e+00,1.000000000000000000e+00,1.000000000000000000e+00,1.000000000000000000e+00,1.000000000000000000e+00,1.000000000000000000e+00,1.000000000000000000e+00,1.000000000000000000e+00,1.000000000000000000e+00,1.000000000000000000e+00,1.000000000000000000e+00,1.000000000000000000e+00,1.000000000000000000e+00,1.000000000000000000e+00,1.000000000000000000e+00,1.000000000000000000e+00,1.000000000000000000e+00,1.000000000000000000e+00,1.000000000000000000e+00,1.000000000000000000e+00
1.000000000000000000e+00,1.000000000000000000e+00,1.000000000000000000e+00,1.000000000000000000e+00,1.000000000000000000e+00,1.000000000000000000e+00,1.000000000000000000e+00,1.000000000000000000e+00,1.000000000000000000e+00,4.643549919128417969e-01,1.000000000000000000e+00,1.000000000000000000e+00,1.000000000000000000e+00,1.000000000000000000e+00,1.000000000000000000e+00,1.000000000000000000e+00,1.000000000000000000e+00,1.000000000000000000e+00,1.000000000000000000e+00,1.000000000000000000e+00,1.000000000000000000e+00,1.000000000000000000e+00,1.000000000000000000e+00,1.000000000000000000e+00,1.000000000000000000e+00,4.072270095348358154e-01,1.000000000000000000e+00,4.545899927616119385e-01,1.000000000000000000e+00,1.000000000000000000e+00,1.000000000000000000e+00,1.000000000000000000e+00,4.428710043430328369e-01,4.570310115814208984e-01,1.000000000000000000e+00,1.000000000000000000e+00,1.000000000000000000e+00,1.000000000000000000e+00,1.000000000000000000e+00,1.000000000000000000e+00,1.000000000000000000e+00,1.000000000000000000e+00,1.000000000000000000e+00,1.000000000000000000e+00,1.000000000000000000e+00,1.000000000000000000e+00,1.000000000000000000e+00,1.000000000000000000e+00,1.000000000000000000e+00,1.000000000000000000e+00,1.000000000000000000e+00,1.000000000000000000e+00,1.000000000000000000e+00,1.000000000000000000e+00,1.000000000000000000e+00,1.000000000000000000e+00,2.734380066394805908e-01,0.000000000000000000e+00,1.000000000000000000e+00,1.000000000000000000e+00,1.000000000000000000e+00,1.000000000000000000e+00,1.000000000000000000e+00,4.008789956569671631e-01,1.000000000000000000e+00,1.000000000000000000e+00,1.000000000000000000e+00,1.000000000000000000e+00,4.438480138778686523e-01,1.000000000000000000e+00,1.000000000000000000e+00,4.287109971046447754e-01,1.000000000000000000e+00,1.000000000000000000e+00,1.000000000000000000e+00,1.000000000000000000e+00,1.000000000000000000e+00,1.000000000000000000e+00,1.000000000000000000e+00,1.000000000000000000e+00,1.000000000000000000e+00,1.000000000000000000e+00,1.000000000000000000e+00,1.000000000000000000e+00,1.000000000000000000e+00,1.000000000000000000e+00,1.000000000000000000e+00,1.000000000000000000e+00,1.000000000000000000e+00,1.000000000000000000e+00,1.000000000000000000e+00,1.000000000000000000e+00,1.000000000000000000e+00,1.000000000000000000e+00,1.000000000000000000e+00,1.000000000000000000e+00,1.000000000000000000e+00
4.335939884185791016e-01,4.604490101337432861e-01,4.531250000000000000e-01,4.541020095348358154e-01,1.000000000000000000e+00,4.423829913139343262e-01,1.000000000000000000e+00,1.000000000000000000e+00,1.000000000000000000e+00,1.000000000000000000e+00,1.000000000000000000e+00,4.853520095348358154e-01,1.000000000000000000e+00,4.624019861221313477e-01,1.000000000000000000e+00,1.000000000000000000e+00,4.438480138778686523e-01,1.000000000000000000e+00,1.000000000000000000e+00,1.000000000000000000e+00,1.000000000000000000e+00,1.000000000000000000e+00,1.000000000000000000e+00,1.000000000000000000e+00,1.000000000000000000e+00,1.000000000000000000e+00,1.000000000000000000e+00,1.000000000000000000e+00,1.000000000000000000e+00,1.000000000000000000e+00,1.000000000000000000e+00,1.000000000000000000e+00,1.000000000000000000e+00,1.000000000000000000e+00,1.000000000000000000e+00,1.000000000000000000e+00,1.000000000000000000e+00,1.000000000000000000e+00,1.000000000000000000e+00,1.000000000000000000e+00,1.000000000000000000e+00,1.000000000000000000e+00,1.000000000000000000e+00,1.000000000000000000e+00,1.000000000000000000e+00,1.000000000000000000e+00,1.000000000000000000e+00,1.000000000000000000e+00,1.000000000000000000e+00,1.000000000000000000e+00,1.000000000000000000e+00,1.000000000000000000e+00,1.000000000000000000e+00,1.000000000000000000e+00,1.000000000000000000e+00,1.000000000000000000e+00,1.000000000000000000e+00,1.000000000000000000e+00,0.000000000000000000e+00,1.000000000000000000e+00,1.000000000000000000e+00,4.335939884185791016e-01,4.575200080871582031e-01,1.000000000000000000e+00,1.000000000000000000e+00,4.516600072383880615e-01,4.687500000000000000e-01,4.370119869709014893e-01,1.000000000000000000e+00,1.000000000000000000e+00,1.000000000000000000e+00,1.000000000000000000e+00,1.000000000000000000e+00,1.000000000000000000e+00,4.438480138778686523e-01,1.000000000000000000e+00,4.130859971046447754e-01,1.000000000000000000e+00,4.414060115814208984e-01,1.000000000000000000e+00,1.000000000000000000e+00,1.000000000000000000e+00,1.000000000000000000e+00,1.000000000000000000e+00,1.000000000000000000e+00,1.000000000000000000e+00,1.000000000000000000e+00,4.199219942092895508e-01,1.000000000000000000e+00,4.589839875698089600e-01,4.570310115814208984e-01,4.370119869709014893e-01,4.345700144767761230e-01,1.000000000000000000e+00,4.604490101337432861e-01,1.000000000000000000e+00,1.000000000000000000e+00
1.000000000000000000e+00,1.000000000000000000e+00,1.000000000000000000e+00,1.000000000000000000e+00,4.365229904651641846e-01,1.000000000000000000e+00,4.394530057907104492e-01,4.375000000000000000e-01,4.609380066394805908e-01,1.000000000000000000e+00,1.000000000000000000e+00,1.000000000000000000e+00,4.697270095348358154e-01,1.000000000000000000e+00,1.000000000000000000e+00,4.462890028953552246e-01,1.000000000000000000e+00,1.000000000000000000e+00,4.365229904651641846e-01,1.000000000000000000e+00,1.000000000000000000e+00,1.000000000000000000e+00,1.000000000000000000e+00,1.000000000000000000e+00,1.000000000000000000e+00,1.000000000000000000e+00,1.000000000000000000e+00,1.000000000000000000e+00,1.000000000000000000e+00,1.000000000000000000e+00,1.000000000000000000e+00,1.000000000000000000e+00,1.000000000000000000e+00,1.000000000000000000e+00,1.000000000000000000e+00,1.000000000000000000e+00,1.000000000000000000e+00,1.000000000000000000e+00,1.000000000000000000e+00,1.000000000000000000e+00,1.000000000000000000e+00,1.000000000000000000e+00,1.000000000000000000e+00,1.000000000000000000e+00,1.000000000000000000e+00,1.000000000000000000e+00,1.000000000000000000e+00,1.000000000000000000e+00,1.000000000000000000e+00,1.000000000000000000e+00,1.000000000000000000e+00,1.000000000000000000e+00,1.000000000000000000e+00,4.555659890174865723e-01,4.604490101337432861e-01,4.433589875698089600e-01,1.000000000000000000e+00,1.000000000000000000e+00,1.000000000000000000e+00,0.000000000000000000e+00,1.000000000000000000e+00,1.000000000000000000e+00,1.000000000000000000e+00,1.000000000000000000e+00,4.511719942092895508e-01,1.000000000000000000e+00,1.000000000000000000e+00,1.000000000000000000e+00,1.000000000000000000e+00,4.794920086860656738e-01,4.487299919128417969e-01,1.000000000000000000e+00,4.511719942092895508e-01,4.389649927616119385e-01,1.000000000000000000e+00,4.243159890174865723e-01,1.000000000000000000e+00,1.000000000000000000e+00,1.000000000000000000e+00,1.000000000000000000e+00,1.000000000000000000e+00,1.000000000000000000e+00,4.228520095348358154e-01,1.000000000000000000e+00,1.000000000000000000e+00,4.677729904651641846e-01,4.667969942092895508e-01,1.000000000000000000e+00,1.000000000000000000e+00,1.000000000000000000e+00,1.000000000000000000e+00,1.000000000000000000e+00,1.000000000000000000e+00,4.580079913139343262e-01,1.000000000000000000e+00,1.000000000000000000e+00,1.000000000000000000e+00
1.000000000000000000e+00,1.000000000000000000e+00,1.000000000000000000e+00,1.000000000000000000e+00,1.000000000000000000e+00,1.000000000000000000e+00,1.000000000000000000e+00,1.000000000000000000e+00,1.000000000000000000e+00,1.000000000000000000e+00,1.000000000000000000e+00,1.000000000000000000e+00,1.000000000000000000e+00,1.000000000000000000e+00,1.000000000000000000e+00,1.000000000000000000e+00,1.000000000000000000e+00,1.000000000000000000e+00,1.000000000000000000e+00,1.000000000000000000e+00,1.000000000000000000e+00,1.000000000000000000e+00,1.000000000000000000e+00,1.000000000000000000e+00,1.000000000000000000e+00,1.000000000000000000e+00,1.000000000000000000e+00,1.000000000000000000e+00,1.000000000000000000e+00,1.000000000000000000e+00,1.000000000000000000e+00,1.000000000000000000e+00,1.000000000000000000e+00,1.000000000000000000e+00,1.000000000000000000e+00,1.000000000000000000e+00,1.000000000000000000e+00,1.000000000000000000e+00,1.000000000000000000e+00,1.000000000000000000e+00,1.000000000000000000e+00,1.000000000000000000e+00,1.000000000000000000e+00,1.000000000000000000e+00,1.000000000000000000e+00,1.000000000000000000e+00,1.000000000000000000e+00,1.000000000000000000e+00,1.000000000000000000e+00,1.000000000000000000e+00,1.000000000000000000e+00,1.000000000000000000e+00,1.000000000000000000e+00,1.000000000000000000e+00,1.000000000000000000e+00,1.000000000000000000e+00,1.000000000000000000e+00,1.000000000000000000e+00,1.000000000000000000e+00,1.000000000000000000e+00,0.000000000000000000e+00,1.000000000000000000e+00,1.000000000000000000e+00,1.000000000000000000e+00,1.000000000000000000e+00,1.000000000000000000e+00,1.000000000000000000e+00,1.000000000000000000e+00,1.000000000000000000e+00,1.000000000000000000e+00,1.000000000000000000e+00,4.287109971046447754e-01,1.000000000000000000e+00,1.000000000000000000e+00,1.000000000000000000e+00,1.000000000000000000e+00,1.000000000000000000e+00,1.000000000000000000e+00,1.000000000000000000e+00,1.000000000000000000e+00,1.000000000000000000e+00,1.000000000000000000e+00,1.000000000000000000e+00,1.000000000000000000e+00,1.000000000000000000e+00,1.000000000000000000e+00,1.000000000000000000e+00,1.000000000000000000e+00,1.000000000000000000e+00,1.000000000000000000e+00,1.000000000000000000e+00,1.000000000000000000e+00,1.000000000000000000e+00,1.000000000000000000e+00,1.000000000000000000e+00,1.000000000000000000e+00,1.000000000000000000e+00
4.277339875698089600e-01,1.000000000000000000e+00,4.365229904651641846e-01,1.000000000000000000e+00,1.000000000000000000e+00,1.000000000000000000e+00,1.000000000000000000e+00,1.000000000000000000e+00,1.000000000000000000e+00,1.000000000000000000e+00,1.000000000000000000e+00,4.335939884185791016e-01,1.000000000000000000e+00,4.575200080871582031e-01,1.000000000000000000e+00,1.000000000000000000e+00,3.979490101337432861e-01,1.000000000000000000e+00,4.116210043430328369e-01,1.000000000000000000e+00,1.000000000000000000e+00,1.000000000000000000e+00,1.000000000000000000e+00,1.000000000000000000e+00,1.000000000000000000e+00,1.000000000000000000e+00,1.000000000000000000e+00,1.000000000000000000e+00,1.000000000000000000e+00,1.000000000000000000e+00,1.000000000000000000e+00,1.000000000000000000e+00,1.000000000000000000e+00,1.000000000000000000e+00,1.000000000000000000e+00,1.000000000000000000e+00,1.000000000000000000e+00,1.000000000000000000e+00,1.000000000000000000e+00,1.000000000000000000e+00,1.000000000000000000e+00,1.000000000000000000e+00,1.000000000000000000e+00,1.000000000000000000e+00,1.000000000000000000e+00,1.000000000000000000e+00,1.000000000000000000e+00,1.000000000000000000e+00,1.000000000000000000e+00,1.000000000000000000e+00,1.000000000000000000e+00,1.000000000000000000e+00,1.000000000000000000e+00,4.375000000000000000e-01,1.000000000000000000e+00,1.000000000000000000e+00,1.000000000000000000e+00,1.000000000000000000e+00,4.335939884185791016e-01,1.000000000000000000e+00,1.000000000000000000e+00,0.000000000000000000e+00,4.194340109825134277e-01,1.000000000000000000e+00,1.000000000000000000e+00,1.000000000000000000e+00,4.208979904651641846e-01,4.311519861221313477e-01,1.000000000000000000e+00,1.000000000000000000e+00,1.000000000000000000e+00,1.000000000000000000e+00,1.000000000000000000e+00,1.000000000000000000e+00,4.067380130290985107e-01,1.000000000000000000e+00,4.453119933605194092e-01,1.000000000000000000e+00,4.453119933605194092e-01,1.000000000000000000e+00,1.000000000000000000e+00,1.000000000000000000e+00,1.000000000000000000e+00,1.000000000000000000e+00,1.000000000000000000e+00,4.721679985523223877e-01,4.350590109825134277e-01,4.189450144767761230e-01,1.000000000000000000e+00,4.267579913139343262e-01,4.228520095348358154e-01,4.487299919128417969e-01,4.570310115814208984e-01,1.000000000000000000e+00,1.000000000000000000e+00,1.000000000000000000e+00,1.000000000000000000e+00
4.555659890174865723e-01,1.000000000000000000e+00,4.497070014476776123e-01,4.301759898662567139e-01,1.000000000000000000e+00,1.000000000000000000e+00,1.000000000000000000e+00,1.000000000000000000e+00,1.000000000000000000e+00,1.000000000000000000e+00,1.000000000000000000e+00,3.979490101337432861e-01,1.000000000000000000e+00,4.580079913139343262e-01,1.000000000000000000e+00,1.000000000000000000e+00,4.541020095348358154e-01,1.000000000000000000e+00,4.667969942092895508e-01,1.000000000000000000e+00,1.000000000000000000e+00,1.000000000000000000e+00,1.000000000000000000e+00,1.000000000000000000e+00,1.000000000000000000e+00,1.000000000000000000e+00,1.000000000000000000e+00,1.000000000000000000e+00,1.000000000000000000e+00,1.000000000000000000e+00,1.000000000000000000e+00,1.000000000000000000e+00,1.000000000000000000e+00,1.000000000000000000e+00,1.000000000000000000e+00,1.000000000000000000e+00,1.000000000000000000e+00,1.000000000000000000e+00,1.000000000000000000e+00,1.000000000000000000e+00,1.000000000000000000e+00,1.000000000000000000e+00,1.000000000000000000e+00,1.000000000000000000e+00,1.000000000000000000e+00,1.000000000000000000e+00,1.000000000000000000e+00,1.000000000000000000e+00,1.000000000000000000e+00,1.000000000000000000e+00,1.000000000000000000e+00,1.000000000000000000e+00,1.000000000000000000e+00,4.370119869709014893e-01,1.000000000000000000e+00,1.000000000000000000e+00,1.000000000000000000e+00,1.000000000000000000e+00,4.575200080871582031e-01,1.000000000000000000e+00,1.000000000000000000e+00,4.194340109825134277e-01,0.000000000000000000e+00,1.000000000000000000e+00,1.000000000000000000e+00,1.000000000000000000e+00,4.487299919128417969e-01,4.638670086860656738e-01,1.000000000000000000e+00,1.000000000000000000e+00,1.000000000000000000e+00,1.000000000000000000e+00,1.000000000000000000e+00,1.000000000000000000e+00,4.042969942092895508e-01,1.000000000000000000e+00,4.663090109825134277e-01,1.000000000000000000e+00,4.575200080871582031e-01,1.000000000000000000e+00,1.000000000000000000e+00,1.000000000000000000e+00,1.000000000000000000e+00,1.000000000000000000e+00,1.000000000000000000e+00,4.726560115814208984e-01,4.628910124301910400e-01,4.506840109825134277e-01,1.000000000000000000e+00,4.604490101337432861e-01,4.711909890174865723e-01,4.873049855232238770e-01,4.702149927616119385e-01,1.000000000000000000e+00,1.000000000000000000e+00,1.000000000000000000e+00,1.000000000000000000e+00
1.000000000000000000e+00,1.000000000000000000e+00,1.000000000000000000e+00,1.000000000000000000e+00,1.000000000000000000e+00,1.000000000000000000e+00,4.599609971046447754e-01,1.000000000000000000e+00,4.296880066394805908e-01,4.677729904651641846e-01,1.000000000000000000e+00,1.000000000000000000e+00,4.521479904651641846e-01,1.000000000000000000e+00,1.000000000000000000e+00,4.365229904651641846e-01,1.000000000000000000e+00,1.000000000000000000e+00,1.000000000000000000e+00,1.000000000000000000e+00,1.000000000000000000e+00,1.000000000000000000e+00,1.000000000000000000e+00,1.000000000000000000e+00,1.000000000000000000e+00,4.389649927616119385e-01,1.000000000000000000e+00,4.619140028953552246e-01,1.000000000000000000e+00,1.000000000000000000e+00,1.000000000000000000e+00,1.000000000000000000e+00,4.687500000000000000e-01,4.575200080871582031e-01,1.000000000000000000e+00,1.000000000000000000e+00,1.000000000000000000e+00,1.000000000000000000e+00,1.000000000000000000e+00,1.000000000000000000e+00,1.000000000000000000e+00,1.000000000000000000e+00,1.000000000000000000e+00,1.000000000000000000e+00,1.000000000000000000e+00,1.000000000000000000e+00,1.000000000000000000e+00,1.000000000000000000e+00,1.000000000000000000e+00,1.000000000000000000e+00,1.000000000000000000e+00,1.000000000000000000e+00,1.000000000000000000e+00,1.000000000000000000e+00,1.000000000000000000e+00,4.726560115814208984e-01,3.911130130290985107e-01,4.008789956569671631e-01,1.000000000000000000e+00,1.000000000000000000e+00,1.000000000000000000e+00,1.000000000000000000e+00,1.000000000000000000e+00,0.000000000000000000e+00,4.531250000000000000e-01,1.000000000000000000e+00,1.000000000000000000e+00,1.000000000000000000e+00,4.140619933605194092e-01,1.000000000000000000e+00,1.000000000000000000e+00,4.516600072383880615e-01,1.000000000000000000e+00,4.106450080871582031e-01,1.000000000000000000e+00,1.000000000000000000e+00,1.000000000000000000e+00,1.000000000000000000e+00,1.000000000000000000e+00,1.000000000000000000e+00,1.000000000000000000e+00,1.000000000000000000e+00,1.000000000000000000e+00,1.000000000000000000e+00,1.000000000000000000e+00,1.000000000000000000e+00,1.000000000000000000e+00,1.000000000000000000e+00,1.000000000000000000e+00,1.000000000000000000e+00,1.000000000000000000e+00,1.000000000000000000e+00,1.000000000000000000e+00,4.384770095348358154e-01,1.000000000000000000e+00,1.000000000000000000e+00,1.000000000000000000e+00
1.000000000000000000e+00,1.000000000000000000e+00,1.000000000000000000e+00,1.000000000000000000e+00,4.472660124301910400e-01,1.000000000000000000e+00,4.453119933605194092e-01,4.511719942092895508e-01,4.482420086860656738e-01,4.580079913139343262e-01,1.000000000000000000e+00,1.000000000000000000e+00,4.951170086860656738e-01,1.000000000000000000e+00,1.000000000000000000e+00,4.648439884185791016e-01,1.000000000000000000e+00,1.000000000000000000e+00,1.000000000000000000e+00,1.000000000000000000e+00,1.000000000000000000e+00,1.000000000000000000e+00,1.000000000000000000e+00,1.000000000000000000e+00,1.000000000000000000e+00,1.000000000000000000e+00,1.000000000000000000e+00,4.873049855232238770e-01,1.000000000000000000e+00,1.000000000000000000e+00,1.000000000000000000e+00,1.000000000000000000e+00,4.941410124301910400e-01,4.702149927616119385e-01,1.000000000000000000e+00,1.000000000000000000e+00,1.000000000000000000e+00,1.000000000000000000e+00,1.000000000000000000e+00,1.000000000000000000e+00,1.000000000000000000e+00,1.000000000000000000e+00,1.000000000000000000e+00,1.000000000000000000e+00,1.000000000000000000e+00,1.000000000000000000e+00,1.000000000000000000e+00,1.000000000000000000e+00,1.000000000000000000e+00,1.000000000000000000e+00,1.000000000000000000e+00,1.000000000000000000e+00,1.000000000000000000e+00,1.000000000000000000e+00,4.506840109825134277e-01,4.648439884185791016e-01,1.000000000000000000e+00,1.000000000000000000e+00,1.000000000000000000e+00,4.511719942092895508e-01,1.000000000000000000e+00,1.000000000000000000e+00,1.000000000000000000e+00,4.531250000000000000e-01,0.000000000000000000e+00,1.000000000000000000e+00,1.000000000000000000e+00,1.000000000000000000e+00,1.000000000000000000e+00,4.765619933605194092e-01,4.565429985523223877e-01,1.000000000000000000e+00,4.599609971046447754e-01,4.428710043430328369e-01,1.000000000000000000e+00,4.409179985523223877e-01,1.000000000000000000e+00,1.000000000000000000e+00,1.000000000000000000e+00,1.000000000000000000e+00,1.000000000000000000e+00,1.000000000000000000e+00,4.482420086860656738e-01,1.000000000000000000e+00,1.000000000000000000e+00,1.000000000000000000e+00,1.000000000000000000e+00,1.000000000000000000e+00,1.000000000000000000e+00,1.000000000000000000e+00,1.000000000000000000e+00,1.000000000000000000e+00,1.000000000000000000e+00,4.785160124301910400e-01,1.000000000000000000e+00,1.000000000000000000e+00,1.000000000000000000e+00
4.487299919128417969e-01,4.736329913139343262e-01,4.624019861221313477e-01,4.565429985523223877e-01,1.000000000000000000e+00,4.438480138778686523e-01,1.000000000000000000e+00,1.000000000000000000e+00,1.000000000000000000e+00,1.000000000000000000e+00,1.000000000000000000e+00,4.282230138778686523e-01,1.000000000000000000e+00,1.000000000000000000e+00,1.000000000000000000e+00,1.000000000000000000e+00,4.492189884185791016e-01,1.000000000000000000e+00,1.000000000000000000e+00,4.824219942092895508e-01,4.946289956569671631e-01,1.000000000000000000e+00,4.575200080871582031e-01,1.000000000000000000e+00,4.814450144767761230e-01,1.000000000000000000e+00,4.721679985523223877e-01,1.000000000000000000e+00,4.863280057907104492e-01,4.921880066394805908e-01,1.000000000000000000e+00,1.000000000000000000e+00,1.000000000000000000e+00,1.000000000000000000e+00,1.000000000000000000e+00,1.000000000000000000e+00,1.000000000000000000e+00,4.858399927616119385e-01,4.697270095348358154e-01,4.584960043430328369e-01,1.000000000000000000e+00,4.599609971046447754e-01,4.750980138778686523e-01,4.760740101337432861e-01,4.423829913139343262e-01,1.000000000000000000e+00,4.692380130290985107e-01,4.658200144767761230e-01,4.721679985523223877e-01,4.750980138778686523e-01,1.000000000000000000e+00,4.619140028953552246e-01,1.000000000000000000e+00,1.000000000000000000e+00,1.000000000000000000e+00,1.000000000000000000e+00,1.000000000000000000e+00,1.000000000000000000e+00,4.516600072383880615e-01,1.000000000000000000e+00,1.000000000000000000e+00,1.000000000000000000e+00,1.000000000000000000e+00,1.000000000000000000e+00,1.000000000000000000e+00,0.000000000000000000e+00,4.145509898662567139e-01,1.000000000000000000e+00,1.000000000000000000e+00,1.000000000000000000e+00,1.000000000000000000e+00,1.000000000000000000e+00,1.000000000000000000e+00,1.000000000000000000e+00,4.443359971046447754e-01,1.000000000000000000e+00,4.174799919128417969e-01,4.365229904651641846e-01,1.000000000000000000e+00,1.000000000000000000e+00,1.000000000000000000e+00,1.000000000000000000e+00,1.000000000000000000e+00,4.916990101337432861e-01,1.000000000000000000e+00,1.000000000000000000e+00,1.000000000000000000e+00,4.360350072383880615e-01,1.000000000000000000e+00,4.633789956569671631e-01,4.604490101337432861e-01,4.765619933605194092e-01,4.858399927616119385e-01,1.000000000000000000e+00,4.521479904651641846e-01,4.609380066394805908e-01,1.000000000000000000e+00
4.052729904651641846e-01,1.000000000000000000e+00,4.033200144767761230e-01,4.316410124301910400e-01,1.000000000000000000e+00,4.277339875698089600e-01,1.000000000000000000e+00,1.000000000000000000e+00,1.000000000000000000e+00,1.000000000000000000e+00,1.000000000000000000e+00,3.593750000000000000e-01,1.000000000000000000e+00,4.770509898662567139e-01,1.000000000000000000e+00,1.000000000000000000e+00,4.213869869709014893e-01,1.000000000000000000e+00,1.000000000000000000e+00,1.000000000000000000e+00,1.000000000000000000e+00,1.000000000000000000e+00,1.000000000000000000e+00,1.000000000000000000e+00,1.000000000000000000e+00,1.000000000000000000e+00,1.000000000000000000e+00,1.000000000000000000e+00,1.000000000000000000e+00,1.000000000000000000e+00,1.000000000000000000e+00,1.000000000000000000e+00,1.000000000000000000e+00,1.000000000000000000e+00,1.000000000000000000e+00,1.000000000000000000e+00,1.000000000000000000e+00,1.000000000000000000e+00,1.000000000000000000e+00,1.000000000000000000e+00,1.000000000000000000e+00,1.000000000000000000e+00,1.000000000000000000e+00,1.000000000000000000e+00,1.000000000000000000e+00,1.000000000000000000e+00,1.000000000000000000e+00,1.000000000000000000e+00,1.000000000000000000e+00,1.000000000000000000e+00,1.000000000000000000e+00,1.000000000000000000e+00,1.000000000000000000e+00,1.000000000000000000e+00,1.000000000000000000e+00,1.000000000000000000e+00,1.000000000000000000e+00,1.000000000000000000e+00,4.687500000000000000e-01,1.000000000000000000e+00,1.000000000000000000e+00,4.208979904651641846e-01,4.487299919128417969e-01,1.000000000000000000e+00,1.000000000000000000e+00,4.145509898662567139e-01,0.000000000000000000e+00,4.340820014476776123e-01,1.000000000000000000e+00,1.000000000000000000e+00,1.000000000000000000e+00,1.000000000000000000e+00,1.000000000000000000e+00,1.000000000000000000e+00,4.038090109825134277e-01,1.000000000000000000e+00,4.228520095348358154e-01,1.000000000000000000e+00,4.580079913139343262e-01,1.000000000000000000e+00,1.000000000000000000e+00,1.000000000000000000e+00,1.000000000000000000e+00,1.000000000000000000e+00,1.000000000000000000e+00,1.000000000000000000e+00,1.000000000000000000e+00,4.296880066394805908e-01,1.000000000000000000e+00,4.345700144767761230e-01,4.218750000000000000e-01,4.262700080871582031e-01,4.589839875698089600e-01,1.000000000000000000e+00,1.000000000000000000e+00,1.000000000000000000e+00,1.000000000000000000e+00
3.969730138778686523e-01,1.000000000000000000e+00,4.291990101337432861e-01,1.000000000000000000e+00,1.000000000000000000e+00,1.000000000000000000e+00,1.000000000000000000e+00,1.000000000000000000e+00,1.000000000000000000e+00,1.000000000000000000e+00,1.000000000000000000e+00,4.204100072383880615e-01,1.000000000000000000e+00,4.667969942092895508e-01,1.000000000000000000e+00,1.000000000000000000e+00,3.818359971046447754e-01,1.000000000000000000e+00,4.277339875698089600e-01,1.000000000000000000e+00,1.000000000000000000e+00,1.000000000000000000e+00,1.000000000000000000e+00,1.000000000000000000e+00,1.000000000000000000e+00,1.000000000000000000e+00,1.000000000000000000e+00,1.000000000000000000e+00,1.000000000000000000e+00,1.000000000000000000e+00,1.000000000000000000e+00,1.000000000000000000e+00,1.000000000000000000e+00,1.000000000000000000e+00,1.000000000000000000e+00,1.000000000000000000e+00,1.000000000000000000e+00,1.000000000000000000e+00,1.000000000000000000e+00,1.000000000000000000e+00,1.000000000000000000e+00,1.000000000000000000e+00,1.000000000000000000e+00,1.000000000000000000e+00,1.000000000000000000e+00,1.000000000000000000e+00,1.000000000000000000e+00,1.000000000000000000e+00,1.000000000000000000e+00,1.000000000000000000e+00,1.000000000000000000e+00,1.000000000000000000e+00,1.000000000000000000e+00,4.018549919128417969e-01,1.000000000000000000e+00,1.000000000000000000e+00,1.000000000000000000e+00,1.000000000000000000e+00,4.370119869709014893e-01,1.000000000000000000e+00,1.000000000000000000e+00,4.311519861221313477e-01,4.638670086860656738e-01,1.000000000000000000e+00,1.000000000000000000e+00,1.000000000000000000e+00,4.340820014476776123e-01,0.000000000000000000e+00,1.000000000000000000e+00,1.000000000000000000e+00,1.000000000000000000e+00,1.000000000000000000e+00,1.000000000000000000e+00,1.000000000000000000e+00,1.000000000000000000e+00,1.000000000000000000e+00,4.340820014476776123e-01,1.000000000000000000e+00,4.272460043430328369e-01,1.000000000000000000e+00,1.000000000000000000e+00,1.000000000000000000e+00,1.000000000000000000e+00,1.000000000000000000e+00,1.000000000000000000e+00,4.521479904651641846e-01,4.248049855232238770e-01,4.311519861221313477e-01,1.000000000000000000e+00,4.311519861221313477e-01,4.096679985523223877e-01,4.453119933605194092e-01,4.467769861221313477e-01,1.000000000000000000e+00,1.000000000000000000e+00,1.000000000000000000e+00,1.000000000000000000e+00
1.000000000000000000e+00,1.000000000000000000e+00,1.000000000000000000e+00,1.000000000000000000e+00,1.000000000000000000e+00,1.000000000000000000e+00,1.000000000000000000e+00,1.000000000000000000e+00,3.984380066394805908e-01,4.785160124301910400e-01,1.000000000000000000e+00,1.000000000000000000e+00,4.248049855232238770e-01,1.000000000000000000e+00,1.000000000000000000e+00,4.277339875698089600e-01,1.000000000000000000e+00,1.000000000000000000e+00,1.000000000000000000e+00,1.000000000000000000e+00,1.000000000000000000e+00,1.000000000000000000e+00,1.000000000000000000e+00,1.000000000000000000e+00,1.000000000000000000e+00,4.555659890174865723e-01,1.000000000000000000e+00,4.589839875698089600e-01,1.000000000000000000e+00,1.000000000000000000e+00,1.000000000000000000e+00,1.000000000000000000e+00,4.746089875698089600e-01,4.633789956569671631e-01,1.000000000000000000e+00,1.000000000000000000e+00,1.000000000000000000e+00,1.000000000000000000e+00,1.000000000000000000e+00,1.000000000000000000e+00,1.000000000000000000e+00,1.000000000000000000e+00,1.000000000000000000e+00,1.000000000000000000e+00,1.000000000000000000e+00,1.000000000000000000e+00,1.000000000000000000e+00,1.000000000000000000e+00,1.000000000000000000e+00,1.000000000000000000e+00,1.000000000000000000e+00,1.000000000000000000e+00,1.000000000000000000e+00,1.000000000000000000e+00,1.000000000000000000e+00,1.000000000000000000e+00,4.135740101337432861e-01,4.438480138778686523e-01,1.000000000000000000e+00,1.000000000000000000e+00,1.000000000000000000e+00,1.000000000000000000e+00,1.000000000000000000e+00,4.140619933605194092e-01,1.000000000000000000e+00,1.000000000000000000e+00,1.000000000000000000e+00,1.000000000000000000e+00,0.000000000000000000e+00,1.000000000000000000e+00,1.000000000000000000e+00,4.340820014476776123e-01,1.000000000000000000e+00,1.000000000000000000e+00,1.000000000000000000e+00,1.000000000000000000e+00,1.000000000000000000e+00,1.000000000000000000e+00,1.000000000000000000e+00,1.000000000000000000e+00,1.000000000000000000e+00,1.000000000000000000e+00,1.000000000000000000e+00,1.000000000000000000e+00,1.000000000000000000e+00,1.000000000000000000e+00,1.000000000000000000e+00,1.000000000000000000e+00,1.000000000000000000e+00,1.000000000000000000e+00,1.000000000000000000e+00,1.000000000000000000e+00,1.000000000000000000e+00,4.453119933605194092e-01,1.000000000000000000e+00,1.000000000000000000e+00,1.000000000000000000e+00
1.000000000000000000e+00,1.000000000000000000e+00,1.000000000000000000e+00,1.000000000000000000e+00,4.658200144767761230e-01,1.000000000000000000e+00,4.628910124301910400e-01,4.648439884185791016e-01,4.326170086860656738e-01,1.000000000000000000e+00,1.000000000000000000e+00,1.000000000000000000e+00,4.541020095348358154e-01,1.000000000000000000e+00,1.000000000000000000e+00,4.121089875698089600e-01,1.000000000000000000e+00,1.000000000000000000e+00,4.687500000000000000e-01,1.000000000000000000e+00,1.000000000000000000e+00,1.000000000000000000e+00,1.000000000000000000e+00,1.000000000000000000e+00,1.000000000000000000e+00,1.000000000000000000e+00,1.000000000000000000e+00,1.000000000000000000e+00,1.000000000000000000e+00,1.000000000000000000e+00,1.000000000000000000e+00,1.000000000000000000e+00,1.000000000000000000e+00,1.000000000000000000e+00,1.000000000000000000e+00,1.000000000000000000e+00,1.000000000000000000e+00,1.000000000000000000e+00,1.000000000000000000e+00,1.000000000000000000e+00,1.000000000000000000e+00,1.000000000000000000e+00,1.000000000000000000e+00,1.000000000000000000e+00,1.000000000000000000e+00,1.000000000000000000e+00,1.000000000000000000e+00,1.000000000000000000e+00,1.000000000000000000e+00,1.000000000000000000e+00,1.000000000000000000e+00,1.000000000000000000e+00,1.000000000000000000e+00,4.194340109825134277e-01,4.370119869709014893e-01,4.716799855232238770e-01,1.000000000000000000e+00,1.000000000000000000e+00,1.000000000000000000e+00,4.794920086860656738e-01,1.000000000000000000e+00,1.000000000000000000e+00,1.000000000000000000e+00,1.000000000000000000e+00,4.765619933605194092e-01,1.000000000000000000e+00,1.000000000000000000e+00,1.000000000000000000e+00,1.000000000000000000e+00,0.000000000000000000e+00,4.458009898662567139e-01,1.000000000000000000e+00,4.433589875698089600e-01,4.487299919128417969e-01,1.000000000000000000e+00,3.959960043430328369e-01,1.000000000000000000e+00,1.000000000000000000e+00,1.000000000000000000e+00,1.000000000000000000e+00,1.000000000000000000e+00,1.000000000000000000e+00,4.580079913139343262e-01,1.000000000000000000e+00,1.000000000000000000e+00,4.404299855232238770e-01,4.453119933605194092e-01,1.000000000000000000e+00,1.000000000000000000e+00,1.000000000000000000e+00,1.000000000000000000e+00,1.000000000000000000e+00,1.000000000000000000e+00,4.951170086860656738e-01,1.000000000000000000e+00,1.000000000000000000e+00,1.000000000000000000e+00
1.000000000000000000e+00,1.000000000000000000e+00,1.000000000000000000e+00,1.000000000000000000e+00,4.243159890174865723e-01,1.000000000000000000e+00,4.350590109825134277e-01,4.243159890174865723e-01,3.920899927616119385e-01,1.000000000000000000e+00,1.000000000000000000e+00,1.000000000000000000e+00,4.418950080871582031e-01,1.000000000000000000e+00,1.000000000000000000e+00,4.184570014476776123e-01,1.000000000000000000e+00,1.000000000000000000e+00,1.000000000000000000e+00,1.000000000000000000e+00,1.000000000000000000e+00,1.000000000000000000e+00,1.000000000000000000e+00,1.000000000000000000e+00,1.000000000000000000e+00,1.000000000000000000e+00,1.000000000000000000e+00,1.000000000000000000e+00,1.000000000000000000e+00,1.000000000000000000e+00,1.000000000000000000e+00,1.000000000000000000e+00,1.000000000000000000e+00,1.000000000000000000e+00,1.000000000000000000e+00,1.000000000000000000e+00,1.000000000000000000e+00,1.000000000000000000e+00,1.000000000000000000e+00,1.000000000000000000e+00,1.000000000000000000e+00,1.000000000000000000e+00,1.000000000000000000e+00,1.000000000000000000e+00,1.000000000000000000e+00,1.000000000000000000e+00,1.000000000000000000e+00,1.000000000000000000e+00,1.000000000000000000e+00,1.000000000000000000e+00,1.000000000000000000e+00,1.000000000000000000e+00,1.000000000000000000e+00,4.609380066394805908e-01,4.375000000000000000e-01,4.643549919128417969e-01,1.000000000000000000e+00,1.000000000000000000e+00,1.000000000000000000e+00,4.487299919128417969e-01,1.000000000000000000e+00,1.000000000000000000e+00,1.000000000000000000e+00,1.000000000000000000e+00,4.565429985523223877e-01,1.000000000000000000e+00,1.000000000000000000e+00,1.000000000000000000e+00,1.000000000000000000e+00,4.458009898662567139e-01,0.000000000000000000e+00,1.000000000000000000e+00,3.334960043430328369e-01,4.033200144767761230e-01,1.000000000000000000e+00,4.091799855232238770e-01,1.000000000000000000e+00,1.000000000000000000e+00,1.000000000000000000e+00,1.000000000000000000e+00,1.000000000000000000e+00,1.000000000000000000e+00,3.862299919128417969e-01,1.000000000000000000e+00,1.000000000000000000e+00,4.223630130290985107e-01,4.116210043430328369e-01,1.000000000000000000e+00,1.000000000000000000e+00,1.000000000000000000e+00,1.000000000000000000e+00,1.000000000000000000e+00,1.000000000000000000e+00,4.389649927616119385e-01,1.000000000000000000e+00,1.000000000000000000e+00,1.000000000000000000e+00
1.000000000000000000e+00,1.000000000000000000e+00,1.000000000000000000e+00,1.000000000000000000e+00,1.000000000000000000e+00,1.000000000000000000e+00,1.000000000000000000e+00,1.000000000000000000e+00,1.000000000000000000e+00,1.000000000000000000e+00,1.000000000000000000e+00,1.000000000000000000e+00,1.000000000000000000e+00,1.000000000000000000e+00,1.000000000000000000e+00,1.000000000000000000e+00,1.000000000000000000e+00,1.000000000000000000e+00,1.000000000000000000e+00,1.000000000000000000e+00,1.000000000000000000e+00,1.000000000000000000e+00,1.000000000000000000e+00,1.000000000000000000e+00,1.000000000000000000e+00,4.628910124301910400e-01,1.000000000000000000e+00,1.000000000000000000e+00,1.000000000000000000e+00,1.000000000000000000e+00,1.000000000000000000e+00,1.000000000000000000e+00,1.000000000000000000e+00,1.000000000000000000e+00,1.000000000000000000e+00,1.000000000000000000e+00,1.000000000000000000e+00,1.000000000000000000e+00,1.000000000000000000e+00,1.000000000000000000e+00,1.000000000000000000e+00,1.000000000000000000e+00,1.000000000000000000e+00,1.000000000000000000e+00,1.000000000000000000e+00,1.000000000000000000e+00,1.000000000000000000e+00,1.000000000000000000e+00,1.000000000000000000e+00,1.000000000000000000e+00,1.000000000000000000e+00,1.000000000000000000e+00,1.000000000000000000e+00,1.000000000000000000e+00,1.000000000000000000e+00,1.000000000000000000e+00,4.150390028953552246e-01,4.287109971046447754e-01,1.000000000000000000e+00,1.000000000000000000e+00,4.287109971046447754e-01,1.000000000000000000e+00,1.000000000000000000e+00,4.516600072383880615e-01,1.000000000000000000e+00,1.000000000000000000e+00,1.000000000000000000e+00,1.000000000000000000e+00,4.340820014476776123e-01,1.000000000000000000e+00,1.000000000000000000e+00,0.000000000000000000e+00,1.000000000000000000e+00,1.000000000000000000e+00,1.000000000000000000e+00,1.000000000000000000e+00,1.000000000000000000e+00,1.000000000000000000e+00,1.000000000000000000e+00,1.000000000000000000e+00,1.000000000000000000e+00,1.000000000000000000e+00,1.000000000000000000e+00,1.000000000000000000e+00,1.000000000000000000e+00,1.000000000000000000e+00,1.000000000000000000e+00,1.000000000000000000e+00,1.000000000000000000e+00,1.000000000000000000e+00,1.000000000000000000e+00,1.000000000000000000e+00,1.000000000000000000e+00,1.000000000000000000e+00,1.000000000000000000e+00,1.000000000000000000e+00,1.000000000000000000e+00
1.000000000000000000e+00,1.000000000000000000e+00,1.000000000000000000e+00,1.000000000000000000e+00,4.433589875698089600e-01,1.000000000000000000e+00,4.560549855232238770e-01,4.218750000000000000e-01,4.238280057907104492e-01,4.355469942092895508e-01,1.000000000000000000e+00,1.000000000000000000e+00,4.570310115814208984e-01,1.000000000000000000e+00,1.000000000000000000e+00,4.218750000000000000e-01,1.000000000000000000e+00,1.000000000000000000e+00,1.000000000000000000e+00,1.000000000000000000e+00,1.000000000000000000e+00,1.000000000000000000e+00,1.000000000000000000e+00,1.000000000000000000e+00,1.000000000000000000e+00,1.000000000000000000e+00,1.000000000000000000e+00,1.000000000000000000e+00,1.000000000000000000e+00,1.000000000000000000e+00,1.000000000000000000e+00,1.000000000000000000e+00,1.000000000000000000e+00,1.000000000000000000e+00,1.000000000000000000e+00,1.000000000000000000e+00,1.000000000000000000e+00,1.000000000000000000e+00,1.000000000000000000e+00,1.000000000000000000e+00,1.000000000000000000e+00,1.000000000000000000e+00,1.000000000000000000e+00,1.000000000000000000e+00,1.000000000000000000e+00,1.000000000000000000e+00,1.000000000000000000e+00,1.000000000000000000e+00,1.000000000000000000e+00,1.000000000000000000e+00,1.000000000000000000e+00,1.000000000000000000e+00,1.000000000000000000e+00,4.526369869709014893e-01,4.301759898662567139e-01,4.687500000000000000e-01,1.000000000000000000e+00,1.000000000000000000e+00,1.000000000000000000e+00,4.511719942092895508e-01,1.000000000000000000e+00,1.000000000000000000e+00,1.000000000000000000e+00,1.000000000000000000e+00,4.599609971046447754e-01,1.000000000000000000e+00,1.000000000000000000e+00,1.000000000000000000e+00,1.000000000000000000e+00,4.433589875698089600e-01,3.334960043430328369e-01,1.000000000000000000e+00,0.000000000000000000e+00,4.340820014476776123e-01,1.000000000000000000e+00,3.999019861221313477e-01,1.000000000000000000e+00,1.000000000000000000e+00,1.000000000000000000e+00,1.000000000000000000e+00,1.000000000000000000e+00,1.000000000000000000e+00,4.033200144767761230e-01,1.000000000000000000e+00,1.000000000000000000e+00,4.189450144767761230e-01,4.101560115814208984e-01,1.000000000000000000e+00,1.000000000000000000e+00,1.000000000000000000e+00,1.000000000000000000e+00,1.000000000000000000e+00,1.000000000000000000e+00,4.277339875698089600e-01,1.000000000000000000e+00,1.000000000000000000e+00,1.000000000000000000e+00
1.000000000000000000e+00,1.000000000000000000e+00,1.000000000000000000e+00,1.000000000000000000e+00,4.321289956569671631e-01,1.000000000000000000e+00,4.272460043430328369e-01,4.399409890174865723e-01,4.174799919128417969e-01,4.418950080871582031e-01,1.000000000000000000e+00,1.000000000000000000e+00,4.282230138778686523e-01,1.000000000000000000e+00,1.000000000000000000e+00,4.291990101337432861e-01,1.000000000000000000e+00,1.000000000000000000e+00,1.000000000000000000e+00,1.000000000000000000e+00,1.000000000000000000e+00,1.000000000000000000e+00,1.000000000000000000e+00,1.000000000000000000e+00,1.000000000000000000e+00,4.628910124301910400e-01,1.000000000000000000e+00,4.409179985523223877e-01,1.000000000000000000e+00,1.000000000000000000e+00,1.000000000000000000e+00,1.000000000000000000e+00,4.643549919128417969e-01,4.697270095348358154e-01,1.000000000000000000e+00,1.000000000000000000e+00,1.000000000000000000e+00,1.000000000000000000e+00,1.000000000000000000e+00,1.000000000000000000e+00,1.000000000000000000e+00,1.000000000000000000e+00,1.000000000000000000e+00,1.000000000000000000e+00,1.000000000000000000e+00,1.000000000000000000e+00,1.000000000000000000e+00,1.000000000000000000e+00,1.000000000000000000e+00,1.000000000000000000e+00,1.000000000000000000e+00,1.000000000000000000e+00,1.000000000000000000e+00,1.000000000000000000e+00,4.218750000000000000e-01,4.165039956569671631e-01,1.000000000000000000e+00,1.000000000000000000e+00,1.000000000000000000e+00,4.389649927616119385e-01,1.000000000000000000e+00,1.000000000000000000e+00,1.000000000000000000e+00,4.106450080871582031e-01,4.428710043430328369e-01,1.000000000000000000e+00,1.000000000000000000e+00,1.000000000000000000e+00,1.000000000000000000e+00,4.487299919128417969e-01,4.033200144767761230e-01,1.000000000000000000e+00,4.340820014476776123e-01,0.000000000000000000e+00,1.000000000000000000e+00,4.101560115814208984e-01,1.000000000000000000e+00,1.000000000000000000e+00,1.000000000000000000e+00,1.000000000000000000e+00,1.000000000000000000e+00,1.000000000000000000e+00,3.989259898662567139e-01,1.000000000000000000e+00,1.000000000000000000e+00,1.000000000000000000e+00,1.000000000000000000e+00,1.000000000000000000e+00,1.000000000000000000e+00,1.000000000000000000e+00,1.000000000000000000e+00,1.000000000000000000e+00,1.000000000000000000e+00,4.526369869709014893e-01,1.000000000000000000e+00,1.000000000000000000e+00,1.000000000000000000e+00
4.243159890174865723e-01,4.462890028953552246e-01,4.194340109825134277e-01,4.233399927616119385e-01,1.000000000000000000e+00,4.135740101337432861e-01,1.000000000000000000e+00,1.000000000000000000e+00,1.000000000000000000e+00,1.000000000000000000e+00,1.000000000000000000e+00,4.272460043430328369e-01,1.000000000000000000e+00,4.414060115814208984e-01,1.000000000000000000e+00,1.000000000000000000e+00,4.023439884185791016e-01,1.000000000000000000e+00,1.000000000000000000e+00,1.000000000000000000e+00,1.000000000000000000e+00,1.000000000000000000e+00,1.000000000000000000e+00,1.000000000000000000e+00,1.000000000000000000e+00,1.000000000000000000e+00,1.000000000000000000e+00,1.000000000000000000e+00,1.000000000000000000e+00,1.000000000000000000e+00,1.000000000000000000e+00,1.000000000000000000e+00,1.000000000000000000e+00,1.000000000000000000e+00,1.000000000000000000e+00,1.000000000000000000e+00,1.000000000000000000e+00,1.000000000000000000e+00,1.000000000000000000e+00,1.000000000000000000e+00,1.000000000000000000e+00,1.000000000000000000e+00,1.000000000000000000e+00,1.000000000000000000e+00,1.000000000000000000e+00,1.000000000000000000e+00,1.000000000000000000e+00,1.000000000000000000e+00,1.000000000000000000e+00,1.000000000000000000e+00,1.000000000000000000e+00,1.000000000000000000e+00,1.000000000000000000e+00,1.000000000000000000e+00,1.000000000000000000e+00,1.000000000000000000e+00,1.000000000000000000e+00,1.000000000000000000e+00,4.438480138778686523e-01,1.000000000000000000e+00,1.000000000000000000e+00,4.067380130290985107e-01,4.042969942092895508e-01,1.000000000000000000e+00,1.000000000000000000e+00,4.443359971046447754e-01,4.038090109825134277e-01,1.000000000000000000e+00,1.000000000000000000e+00,1.000000000000000000e+00,1.000000000000000000e+00,1.000000000000000000e+00,1.000000000000000000e+00,1.000000000000000000e+00,0.000000000000000000e+00,1.000000000000000000e+00,4.047850072383880615e-01,1.000000000000000000e+00,3.891600072383880615e-01,1.000000000000000000e+00,1.000000000000000000e+00,1.000000000000000000e+00,1.000000000000000000e+00,1.000000000000000000e+00,1.000000000000000000e+00,1.000000000000000000e+00,1.000000000000000000e+00,4.018549919128417969e-01,1.000000000000000000e+00,4.145509898662567139e-01,4.086909890174865723e-01,4.648439884185791016e-01,4.653320014476776123e-01,1.000000000000000000e+00,4.296880066394805908e-01,1.000000000000000000e+00,1.000000000000000000e+00
1.000000000000000000e+00,1.000000000000000000e+00,1.000000000000000000e+00,1.000000000000000000e+00,4.145509898662567139e-01,1.000000000000000000e+00,4.418950080871582031e-01,4.213869869709014893e-01,4.165039956569671631e-01,4.311519861221313477e-01,1.000000000000000000e+00,1.000000000000000000e+00,4.077149927616119385e-01,1.000000000000000000e+00,1.000000000000000000e+00,3.530269861221313477e-01,1.000000000000000000e+00,1.000000000000000000e+00,1.000000000000000000e+00,1.000000000000000000e+00,1.000000000000000000e+00,1.000000000000000000e+00,1.000000000000000000e+00,1.000000000000000000e+00,1.000000000000000000e+00,1.000000000000000000e+00,1.000000000000000000e+00,1.000000000000000000e+00,1.000000000000000000e+00,1.000000000000000000e+00,1.000000000000000000e+00,1.000000000000000000e+00,1.000000000000000000e+00,1.000000000000000000e+00,1.000000000000000000e+00,1.000000000000000000e+00,1.000000000000000000e+00,1.000000000000000000e+00,1.000000000000000000e+00,1.000000000000000000e+00,1.000000000000000000e+00,1.000000000000000000e+00,1.000000000000000000e+00,1.000000000000000000e+00,1.000000000000000000e+00,1.000000000000000000e+00,1.000000000000000000e+00,1.000000000000000000e+00,1.000000000000000000e+00,1.000000000000000000e+00,1.000000000000000000e+00,1.000000000000000000e+00,1.000000000000000000e+00,4.453119933605194092e-01,4.052729904651641846e-01,4.497070014476776123e-01,1.000000000000000000e+00,1.000000000000000000e+00,1.000000000000000000e+00,4.243159890174865723e-01,1.000000000000000000e+00,1.000000000000000000e+00,1.000000000000000000e+00,1.000000000000000000e+00,4.409179985523223877e-01,1.000000000000000000e+00,1.000000000000000000e+00,1.000000000000000000e+00,1.000000000000000000e+00,3.959960043430328369e-01,4.091799855232238770e-01,1.000000000000000000e+00,3.999019861221313477e-01,4.101560115814208984e-01,1.000000000000000000e+00,0.000000000000000000e+00,1.000000000000000000e+00,1.000000000000000000e+00,1.000000000000000000e+00,1.000000000000000000e+00,1.000000000000000000e+00,1.000000000000000000e+00,3.833009898662567139e-01,1.000000000000000000e+00,1.000000000000000000e+00,4.497070014476776123e-01,4.350590109825134277e-01,1.000000000000000000e+00,1.000000000000000000e+00,1.000000000000000000e+00,1.000000000000000000e+00,1.000000000000000000e+00,1.000000000000000000e+00,4.672850072383880615e-01,1.000000000000000000e+00,1.000000000000000000e+00,1.000000000000000000e+00
4.365229904651641846e-01,4.272460043430328369e-01,4.462890028953552246e-01,4.541020095348358154e-01,1.000000000000000000e+00,4.384770095348358154e-01,1.000000000000000000e+00,1.000000000000000000e+00,1.000000000000000000e+00,1.000000000000000000e+00,1.000000000000000000e+00,4.306640028953552246e-01,1.000000000000000000e+00,4.526369869709014893e-01,1.000000000000000000e+00,1.000000000000000000e+00,4.106450080871582031e-01,1.000000000000000000e+00,1.000000000000000000e+00,1.000000000000000000e+00,1.000000000000000000e+00,1.000000000000000000e+00,1.000000000000000000e+00,1.000000000000000000e+00,1.000000000000000000e+00,1.000000000000000000e+00,1.000000000000000000e+00,1.000000000000000000e+00,1.000000000000000000e+00,1.000000000000000000e+00,1.000000000000000000e+00,1.000000000000000000e+00,1.000000000000000000e+00,1.000000000000000000e+00,1.000000000000000000e+00,1.000000000000000000e+00,1.000000000000000000e+00,1.000000000000000000e+00,1.000000000000000000e+00,1.000000000000000000e+00,1.000000000000000000e+00,1.000000000000000000e+00,1.000000000000000000e+00,1.000000000000000000e+00,1.000000000000000000e+00,1.000000000000000000e+00,1.000000000000000000e+00,1.000000000000000000e+00,1.000000000000000000e+00,1.000000000000000000e+00,1.000000000000000000e+00,1.000000000000000000e+00,1.000000000000000000e+00,1.000000000000000000e+00,1.000000000000000000e+00,1.000000000000000000e+00,1.000000000000000000e+00,1.000000000000000000e+00,4.130859971046447754e-01,1.000000000000000000e+00,1.000000000000000000e+00,4.453119933605194092e-01,4.663090109825134277e-01,1.000000000000000000e+00,1.000000000000000000e+00,4.174799919128417969e-01,4.228520095348358154e-01,4.340820014476776123e-01,1.000000000000000000e+00,1.000000000000000000e+00,1.000000000000000000e+00,1.000000000000000000e+00,1.000000000000000000e+00,1.000000000000000000e+00,4.047850072383880615e-01,1.000000000000000000e+00,0.000000000000000000e+00,1.000000000000000000e+00,4.414060115814208984e-01,1.000000000000000000e+00,1.000000000000000000e+00,1.000000000000000000e+00,1.000000000000000000e+00,1.000000000000000000e+00,1.000000000000000000e+00,1.000000000000000000e+00,1.000000000000000000e+00,4.062500000000000000e-01,1.000000000000000000e+00,4.580079913139343262e-01,4.511719942092895508e-01,4.389649927616119385e-01,4.580079913139343262e-01,1.000000000000000000e+00,4.125980138778686523e-01,1.000000000000000000e+00,1.000000000000000000e+00
1.000000000000000000e+00,4.130859971046447754e-01,1.000000000000000000e+00,4.204100072383880615e-01,1.000000000000000000e+00,4.213869869709014893e-01,1.000000000000000000e+00,1.000000000000000000e+00,1.000000000000000000e+00,1.000000000000000000e+00,1.000000000000000000e+00,1.000000000000000000e+00,1.000000000000000000e+00,1.000000000000000000e+00,4.072270095348358154e-01,1.000000000000000000e+00,1.000000000000000000e+00,1.000000000000000000e+00,1.000000000000000000e+00,4.628910124301910400e-01,4.877929985523223877e-01,4.536130130290985107e-01,4.252929985523223877e-01,4.575200080871582031e-01,4.541020095348358154e-01,1.000000000000000000e+00,4.594730138778686523e-01,1.000000000000000000e+00,4.814450144767761230e-01,4.775390028953552246e-01,4.648439884185791016e-01,4.750980138778686523e-01,1.000000000000000000e+00,1.000000000000000000e+00,1.000000000000000000e+00,4.765619933605194092e-01,4.711909890174865723e-01,4.545899927616119385e-01,4.433589875698089600e-01,4.213869869709014893e-01,4.458009898662567139e-01,4.101560115814208984e-01,4.584960043430328369e-01,4.487299919128417969e-01,4.423829913139343262e-01,4.414060115814208984e-01,4.584960043430328369e-01,4.521479904651641846e-01,4.565429985523223877e-01,4.467769861221313477e-01,4.321289956569671631e-01,4.609380066394805908e-01,1.000000000000000000e+00,1.000000000000000000e+00,1.000000000000000000e+00,1.000000000000000000e+00,1.000000000000000000e+00,1.000000000000000000e+00,1.000000000000000000e+00,1.000000000000000000e+00,1.000000000000000000e+00,1.000000000000000000e+00,1.000000000000000000e+00,1.000000000000000000e+00,1.000000000000000000e+00,4.365229904651641846e-01,1.000000000000000000e+00,1.000000000000000000e+00,1.000000000000000000e+00,1.000000000000000000e+00,1.000000000000000000e+00,1.000000000000000000e+00,1.000000000000000000e+00,1.000000000000000000e+00,1.000000000000000000e+00,1.000000000000000000e+00,1.000000000000000000e+00,0.000000000000000000e+00,1.000000000000000000e+00,1.000000000000000000e+00,1.000000000000000000e+00,1.000000000000000000e+00,1.000000000000000000e+00,4.790039956569671631e-01,1.000000000000000000e+00,1.000000000000000000e+00,1.000000000000000000e+00,1.000000000000000000e+00,1.000000000000000000e+00,1.000000000000000000e+00,1.000000000000000000e+00,1.000000000000000000e+00,1.000000000000000000e+00,1.000000000000000000e+00,4.423829913139343262e-01,4.238280057907104492e-01,1.000000000000000000e+00
4.599609971046447754e-01,1.000000000000000000e+00,4.853520095348358154e-01,1.000000000000000000e+00,1.000000000000000000e+00,1.000000000000000000e+00,1.000000000000000000e+00,1.000000000000000000e+00,1.000000000000000000e+00,1.000000000000000000e+00,1.000000000000000000e+00,4.589839875698089600e-01,1.000000000000000000e+00,4.418950080871582031e-01,1.000000000000000000e+00,1.000000000000000000e+00,4.350590109825134277e-01,1.000000000000000000e+00,4.477539956569671631e-01,1.000000000000000000e+00,1.000000000000000000e+00,1.000000000000000000e+00,1.000000000000000000e+00,1.000000000000000000e+00,1.000000000000000000e+00,1.000000000000000000e+00,1.000000000000000000e+00,1.000000000000000000e+00,1.000000000000000000e+00,1.000000000000000000e+00,1.000000000000000000e+00,1.000000000000000000e+00,1.000000000000000000e+00,1.000000000000000000e+00,1.000000000000000000e+00,1.000000000000000000e+00,1.000000000000000000e+00,1.000000000000000000e+00,1.000000000000000000e+00,1.000000000000000000e+00,1.000000000000000000e+00,1.000000000000000000e+00,1.000000000000000000e+00,1.000000000000000000e+00,1.000000000000000000e+00,1.000000000000000000e+00,1.000000000000000000e+00,1.000000000000000000e+00,1.000000000000000000e+00,1.000000000000000000e+00,1.000000000000000000e+00,1.000000000000000000e+00,1.000000000000000000e+00,4.580079913139343262e-01,1.000000000000000000e+00,1.000000000000000000e+00,1.000000000000000000e+00,1.000000000000000000e+00,4.414060115814208984e-01,1.000000000000000000e+00,1.000000000000000000e+00,4.453119933605194092e-01,4.575200080871582031e-01,1.000000000000000000e+00,1.000000000000000000e+00,1.000000000000000000e+00,4.580079913139343262e-01,4.272460043430328369e-01,1.000000000000000000e+00,1.000000000000000000e+00,1.000000000000000000e+00,1.000000000000000000e+00,1.000000000000000000e+00,1.000000000000000000e+00,3.891600072383880615e-01,1.000000000000000000e+00,4.414060115814208984e-01,1.000000000000000000e+00,0.000000000000000000e+00,1.000000000000000000e+00,1.000000000000000000e+00,1.000000000000000000e+00,1.000000000000000000e+00,1.000000000000000000e+00,1.000000000000000000e+00,4.643549919128417969e-01,4.428710043430328369e-01,4.511719942092895508e-01,1.000000000000000000e+00,4.550780057907104492e-01,4.628910124301910400e-01,4.702149927616119385e-01,4.609380066394805908e-01,1.000000000000000000e+00,1.000000000000000000e+00,1.000000000000000000e+00,1.000000000000000000e+00
1.000000000000000000e+00,1.000000000000000000e+00,1.000000000000000000e+00,1.000000000000000000e+00,1.000000000000000000e+00,1.000000000000000000e+00,1.000000000000000000e+00,1.000000000000000000e+00,1.000000000000000000e+00,1.000000000000000000e+00,1.000000000000000000e+00,1.000000000000000000e+00,1.000000000000000000e+00,1.000000000000000000e+00,1.000000000000000000e+00,1.000000000000000000e+00,1.000000000000000000e+00,1.000000000000000000e+00,1.000000000000000000e+00,1.000000000000000000e+00,1.000000000000000000e+00,1.000000000000000000e+00,1.000000000000000000e+00,1.000000000000000000e+00,1.000000000000000000e+00,1.000000000000000000e+00,1.000000000000000000e+00,1.000000000000000000e+00,1.000000000000000000e+00,1.000000000000000000e+00,1.000000000000000000e+00,1.000000000000000000e+00,1.000000000000000000e+00,1.000000000000000000e+00,1.000000000000000000e+00,1.000000000000000000e+00,1.000000000000000000e+00,1.000000000000000000e+00,1.000000000000000000e+00,1.000000000000000000e+00,1.000000000000000000e+00,1.000000000000000000e+00,1.000000000000000000e+00,1.000000000000000000e+00,1.000000000000000000e+00,1.000000000000000000e+00,1.000000000000000000e+00,1.000000000000000000e+00,1.000000000000000000e+00,1.000000000000000000e+00,1.000000000000000000e+00,1.000000000000000000e+00,1.000000000000000000e+00,1.000000000000000000e+00,1.000000000000000000e+00,1.000000000000000000e+00,1.000000000000000000e+00,1.000000000000000000e+00,1.000000000000000000e+00,1.000000000000000000e+00,1.000000000000000000e+00,1.000000000000000000e+00,1.000000000000000000e+00,1.000000000000000000e+00,1.000000000000000000e+00,1.000000000000000000e+00,1.000000000000000000e+00,1.000000000000000000e+00,1.000000000000000000e+00,1.000000000000000000e+00,1.000000000000000000e+00,1.000000000000000000e+00,1.000000000000000000e+00,1.000000000000000000e+00,1.000000000000000000e+00,1.000000000000000000e+00,1.000000000000000000e+00,1.000000000000000000e+00,1.000000000000000000e+00,0.000000000000000000e+00,3.149409890174865723e-01,3.168950080871582031e-01,1.000000000000000000e+00,1.000000000000000000e+00,4.545899927616119385e-01,1.000000000000000000e+00,1.000000000000000000e+00,1.000000000000000000e+00,1.000000000000000000e+00,1.000000000000000000e+00,1.000000000000000000e+00,1.000000000000000000e+00,1.000000000000000000e+00,1.000000000000000000e+00,1.000000000000000000e+00,1.000000000000000000e+00,1.000000000000000000e+00
1.000000000000000000e+00,1.000000000000000000e+00,1.000000000000000000e+00,1.000000000000000000e+00,1.000000000000000000e+00,1.000000000000000000e+00,1.000000000000000000e+00,1.000000000000000000e+00,1.000000000000000000e+00,1.000000000000000000e+00,1.000000000000000000e+00,1.000000000000000000e+00,1.000000000000000000e+00,1.000000000000000000e+00,1.000000000000000000e+00,1.000000000000000000e+00,1.000000000000000000e+00,1.000000000000000000e+00,1.000000000000000000e+00,1.000000000000000000e+00,1.000000000000000000e+00,1.000000000000000000e+00,1.000000000000000000e+00,1.000000000000000000e+00,1.000000000000000000e+00,1.000000000000000000e+00,1.000000000000000000e+00,1.000000000000000000e+00,1.000000000000000000e+00,1.000000000000000000e+00,1.000000000000000000e+00,1.000000000000000000e+00,1.000000000000000000e+00,1.000000000000000000e+00,1.000000000000000000e+00,1.000000000000000000e+00,1.000000000000000000e+00,1.000000000000000000e+00,1.000000000000000000e+00,1.000000000000000000e+00,1.000000000000000000e+00,1.000000000000000000e+00,1.000000000000000000e+00,1.000000000000000000e+00,1.000000000000000000e+00,1.000000000000000000e+00,1.000000000000000000e+00,1.000000000000000000e+00,1.000000000000000000e+00,1.000000000000000000e+00,1.000000000000000000e+00,1.000000000000000000e+00,1.000000000000000000e+00,1.000000000000000000e+00,1.000000000000000000e+00,1.000000000000000000e+00,1.000000000000000000e+00,1.000000000000000000e+00,1.000000000000000000e+00,1.000000000000000000e+00,1.000000000000000000e+00,1.000000000000000000e+00,1.000000000000000000e+00,1.000000000000000000e+00,1.000000000000000000e+00,1.000000000000000000e+00,1.000000000000000000e+00,1.000000000000000000e+00,1.000000000000000000e+00,1.000000000000000000e+00,1.000000000000000000e+00,1.000000000000000000e+00,1.000000000000000000e+00,1.000000000000000000e+00,1.000000000000000000e+00,1.000000000000000000e+00,1.000000000000000000e+00,1.000000000000000000e+00,1.000000000000000000e+00,3.149409890174865723e-01,0.000000000000000000e+00,1.455080062150955200e-01,1.000000000000000000e+00,1.000000000000000000e+00,1.000000000000000000e+00,1.000000000000000000e+00,1.000000000000000000e+00,1.000000000000000000e+00,1.000000000000000000e+00,1.000000000000000000e+00,1.000000000000000000e+00,1.000000000000000000e+00,1.000000000000000000e+00,1.000000000000000000e+00,1.000000000000000000e+00,1.000000000000000000e+00,1.000000000000000000e+00
1.000000000000000000e+00,1.000000000000000000e+00,1.000000000000000000e+00,1.000000000000000000e+00,1.000000000000000000e+00,1.000000000000000000e+00,1.000000000000000000e+00,1.000000000000000000e+00,1.000000000000000000e+00,1.000000000000000000e+00,1.000000000000000000e+00,1.000000000000000000e+00,1.000000000000000000e+00,1.000000000000000000e+00,1.000000000000000000e+00,1.000000000000000000e+00,1.000000000000000000e+00,1.000000000000000000e+00,1.000000000000000000e+00,1.000000000000000000e+00,1.000000000000000000e+00,1.000000000000000000e+00,1.000000000000000000e+00,1.000000000000000000e+00,1.000000000000000000e+00,1.000000000000000000e+00,1.000000000000000000e+00,1.000000000000000000e+00,1.000000000000000000e+00,1.000000000000000000e+00,1.000000000000000000e+00,1.000000000000000000e+00,1.000000000000000000e+00,1.000000000000000000e+00,1.000000000000000000e+00,1.000000000000000000e+00,1.000000000000000000e+00,1.000000000000000000e+00,1.000000000000000000e+00,1.000000000000000000e+00,1.000000000000000000e+00,1.000000000000000000e+00,1.000000000000000000e+00,1.000000000000000000e+00,1.000000000000000000e+00,1.000000000000000000e+00,1.000000000000000000e+00,1.000000000000000000e+00,1.000000000000000000e+00,1.000000000000000000e+00,1.000000000000000000e+00,1.000000000000000000e+00,1.000000000000000000e+00,1.000000000000000000e+00,1.000000000000000000e+00,1.000000000000000000e+00,1.000000000000000000e+00,1.000000000000000000e+00,1.000000000000000000e+00,1.000000000000000000e+00,1.000000000000000000e+00,1.000000000000000000e+00,1.000000000000000000e+00,1.000000000000000000e+00,1.000000000000000000e+00,1.000000000000000000e+00,1.000000000000000000e+00,1.000000000000000000e+00,1.000000000000000000e+00,1.000000000000000000e+00,1.000000000000000000e+00,1.000000000000000000e+00,1.000000000000000000e+00,1.000000000000000000e+00,1.000000000000000000e+00,1.000000000000000000e+00,1.000000000000000000e+00,1.000000000000000000e+00,1.000000000000000000e+00,3.168950080871582031e-01,1.455080062150955200e-01,0.000000000000000000e+00,1.000000000000000000e+00,1.000000000000000000e+00,4.775390028953552246e-01,1.000000000000000000e+00,1.000000000000000000e+00,1.000000000000000000e+00,1.000000000000000000e+00,1.000000000000000000e+00,1.000000000000000000e+00,1.000000000000000000e+00,1.000000000000000000e+00,1.000000000000000000e+00,1.000000000000000000e+00,1.000000000000000000e+00,1.000000000000000000e+00
1.000000000000000000e+00,1.000000000000000000e+00,1.000000000000000000e+00,1.000000000000000000e+00,4.228520095348358154e-01,1.000000000000000000e+00,4.394530057907104492e-01,4.248049855232238770e-01,3.974609971046447754e-01,1.000000000000000000e+00,1.000000000000000000e+00,1.000000000000000000e+00,4.433589875698089600e-01,1.000000000000000000e+00,1.000000000000000000e+00,4.062500000000000000e-01,1.000000000000000000e+00,1.000000000000000000e+00,4.208979904651641846e-01,1.000000000000000000e+00,1.000000000000000000e+00,1.000000000000000000e+00,1.000000000000000000e+00,1.000000000000000000e+00,1.000000000000000000e+00,1.000000000000000000e+00,1.000000000000000000e+00,1.000000000000000000e+00,1.000000000000000000e+00,1.000000000000000000e+00,1.000000000000000000e+00,1.000000000000000000e+00,1.000000000000000000e+00,1.000000000000000000e+00,1.000000000000000000e+00,1.000000000000000000e+00,1.000000000000000000e+00,1.000000000000000000e+00,1.000000000000000000e+00,1.000000000000000000e+00,1.000000000000000000e+00,1.000000000000000000e+00,1.000000000000000000e+00,1.000000000000000000e+00,1.000000000000000000e+00,1.000000000000000000e+00,1.000000000000000000e+00,1.000000000000000000e+00,1.000000000000000000e+00,1.000000000000000000e+00,1.000000000000000000e+00,1.000000000000000000e+00,1.000000000000000000e+00,4.614259898662567139e-01,4.321289956569671631e-01,4.628910124301910400e-01,1.000000000000000000e+00,1.000000000000000000e+00,1.000000000000000000e+00,4.228520095348358154e-01,1.000000000000000000e+00,1.000000000000000000e+00,1.000000000000000000e+00,1.000000000000000000e+00,4.482420086860656738e-01,1.000000000000000000e+00,1.000000000000000000e+00,1.000000000000000000e+00,1.000000000000000000e+00,4.580079913139343262e-01,3.862299919128417969e-01,1.000000000000000000e+00,4.033200144767761230e-01,3.989259898662567139e-01,1.000000000000000000e+00,3.833009898662567139e-01,1.000000000000000000e+00,1.000000000000000000e+00,1.000000000000000000e+00,1.000000000000000000e+00,1.000000000000000000e+00,1.000000000000000000e+00,0.000000000000000000e+00,1.000000000000000000e+00,1.000000000000000000e+00,4.394530057907104492e-01,4.140619933605194092e-01,1.000000000000000000e+00,1.000000000000000000e+00,1.000000000000000000e+00,1.000000000000000000e+00,1.000000000000000000e+00,1.000000000000000000e+00,4.326170086860656738e-01,1.000000000000000000e+00,1.000000000000000000e+00,1.000000000000000000e+00
1.000000000000000000e+00,4.750980138778686523e-01,1.000000000000000000e+00,1.000000000000000000e+00,1.000000000000000000e+00,4.697270095348358154e-01,1.000000000000000000e+00,1.000000000000000000e+00,1.000000000000000000e+00,1.000000000000000000e+00,1.000000000000000000e+00,1.000000000000000000e+00,1.000000000000000000e+00,1.000000000000000000e+00,4.672850072383880615e-01,1.000000000000000000e+00,1.000000000000000000e+00,1.000000000000000000e+00,1.000000000000000000e+00,1.606449931859970093e-01,1.708980053663253784e-01,2.353519946336746216e-01,3.125000000000000000e-01,3.652339875698089600e-01,3.413090109825134277e-01,1.000000000000000000e+00,3.740229904651641846e-01,1.000000000000000000e+00,2.094729989767074585e-01,8.544900268316268921e-02,2.241210043430328369e-01,4.472660124301910400e-01,1.000000000000000000e+00,1.000000000000000000e+00,1.000000000000000000e+00,3.413090109825134277e-01,3.349609971046447754e-01,3.183589875698089600e-01,2.524409890174865723e-01,2.753910124301910400e-01,2.412109971046447754e-01,2.846679985523223877e-01,3.076170086860656738e-01,2.919920086860656738e-01,3.481450080871582031e-01,3.500980138778686523e-01,2.441409975290298462e-01,2.856450080871582031e-01,2.587890028953552246e-01,3.203119933605194092e-01,3.798829913139343262e-01,3.549799919128417969e-01,1.000000000000000000e+00,1.000000000000000000e+00,1.000000000000000000e+00,1.000000000000000000e+00,1.000000000000000000e+00,1.000000000000000000e+00,1.000000000000000000e+00,1.000000000000000000e+00,1.000000000000000000e+00,1.000000000000000000e+00,1.000000000000000000e+00,1.000000000000000000e+00,1.000000000000000000e+00,4.916990101337432861e-01,1.000000000000000000e+00,1.000000000000000000e+00,1.000000000000000000e+00,1.000000000000000000e+00,1.000000000000000000e+00,1.000000000000000000e+00,1.000000000000000000e+00,1.000000000000000000e+00,1.000000000000000000e+00,1.000000000000000000e+00,1.000000000000000000e+00,4.790039956569671631e-01,1.000000000000000000e+00,1.000000000000000000e+00,1.000000000000000000e+00,1.000000000000000000e+00,1.000000000000000000e+00,0.000000000000000000e+00,1.000000000000000000e+00,1.000000000000000000e+00,1.000000000000000000e+00,1.000000000000000000e+00,1.000000000000000000e+00,1.000000000000000000e+00,1.000000000000000000e+00,1.000000000000000000e+00,1.000000000000000000e+00,1.000000000000000000e+00,4.643549919128417969e-01,4.663090109825134277e-01,1.000000000000000000e+00
1.000000000000000000e+00,1.000000000000000000e+00,1.000000000000000000e+00,1.000000000000000000e+00,1.000000000000000000e+00,1.000000000000000000e+00,1.000000000000000000e+00,1.000000000000000000e+00,1.000000000000000000e+00,1.000000000000000000e+00,1.000000000000000000e+00,1.000000000000000000e+00,1.000000000000000000e+00,1.000000000000000000e+00,1.000000000000000000e+00,1.000000000000000000e+00,1.000000000000000000e+00,4.399409890174865723e-01,1.000000000000000000e+00,1.000000000000000000e+00,1.000000000000000000e+00,1.000000000000000000e+00,1.000000000000000000e+00,1.000000000000000000e+00,1.000000000000000000e+00,1.000000000000000000e+00,1.000000000000000000e+00,1.000000000000000000e+00,1.000000000000000000e+00,1.000000000000000000e+00,1.000000000000000000e+00,1.000000000000000000e+00,1.000000000000000000e+00,1.000000000000000000e+00,1.000000000000000000e+00,1.000000000000000000e+00,1.000000000000000000e+00,1.000000000000000000e+00,1.000000000000000000e+00,1.000000000000000000e+00,1.000000000000000000e+00,1.000000000000000000e+00,1.000000000000000000e+00,1.000000000000000000e+00,1.000000000000000000e+00,1.000000000000000000e+00,1.000000000000000000e+00,1.000000000000000000e+00,1.000000000000000000e+00,1.000000000000000000e+00,1.000000000000000000e+00,1.000000000000000000e+00,1.000000000000000000e+00,1.000000000000000000e+00,1.000000000000000000e+00,1.000000000000000000e+00,1.000000000000000000e+00,1.000000000000000000e+00,1.000000000000000000e+00,1.000000000000000000e+00,1.000000000000000000e+00,1.000000000000000000e+00,1.000000000000000000e+00,1.000000000000000000e+00,1.000000000000000000e+00,1.000000000000000000e+00,1.000000000000000000e+00,1.000000000000000000e+00,1.000000000000000000e+00,1.000000000000000000e+00,1.000000000000000000e+00,1.000000000000000000e+00,1.000000000000000000e+00,1.000000000000000000e+00,1.000000000000000000e+00,1.000000000000000000e+00,1.000000000000000000e+00,1.000000000000000000e+00,1.000000000000000000e+00,4.545899927616119385e-01,1.000000000000000000e+00,4.775390028953552246e-01,1.000000000000000000e+00,1.000000000000000000e+00,0.000000000000000000e+00,1.000000000000000000e+00,1.000000000000000000e+00,1.000000000000000000e+00,1.000000000000000000e+00,1.000000000000000000e+00,1.000000000000000000e+00,1.000000000000000000e+00,1.000000000000000000e+00,1.000000000000000000e+00,1.000000000000000000e+00,1.000000000000000000e+00,1.000000000000000000e+00
1.000000000000000000e+00,1.000000000000000000e+00,1.000000000000000000e+00,1.000000000000000000e+00,4.726560115814208984e-01,1.000000000000000000e+00,1.000000000000000000e+00,4.296880066394805908e-01,1.000000000000000000e+00,1.000000000000000000e+00,1.000000000000000000e+00,1.000000000000000000e+00,1.000000000000000000e+00,4.511719942092895508e-01,1.000000000000000000e+00,1.000000000000000000e+00,1.000000000000000000e+00,1.000000000000000000e+00,4.746089875698089600e-01,1.000000000000000000e+00,1.000000000000000000e+00,1.000000000000000000e+00,1.000000000000000000e+00,1.000000000000000000e+00,1.000000000000000000e+00,1.000000000000000000e+00,1.000000000000000000e+00,1.000000000000000000e+00,1.000000000000000000e+00,1.000000000000000000e+00,1.000000000000000000e+00,1.000000000000000000e+00,1.000000000000000000e+00,1.000000000000000000e+00,1.000000000000000000e+00,1.000000000000000000e+00,1.000000000000000000e+00,1.000000000000000000e+00,1.000000000000000000e+00,1.000000000000000000e+00,1.000000000000000000e+00,1.000000000000000000e+00,1.000000000000000000e+00,1.000000000000000000e+00,1.000000000000000000e+00,1.000000000000000000e+00,1.000000000000000000e+00,1.000000000000000000e+00,1.000000000000000000e+00,1.000000000000000000e+00,1.000000000000000000e+00,1.000000000000000000e+00,1.000000000000000000e+00,4.575200080871582031e-01,4.311519861221313477e-01,1.000000000000000000e+00,1.000000000000000000e+00,1.000000000000000000e+00,1.000000000000000000e+00,4.677729904651641846e-01,1.000000000000000000e+00,4.721679985523223877e-01,4.726560115814208984e-01,1.000000000000000000e+00,1.000000000000000000e+00,1.000000000000000000e+00,1.000000000000000000e+00,4.521479904651641846e-01,1.000000000000000000e+00,4.404299855232238770e-01,4.223630130290985107e-01,1.000000000000000000e+00,4.189450144767761230e-01,1.000000000000000000e+00,1.000000000000000000e+00,4.497070014476776123e-01,1.000000000000000000e+00,1.000000000000000000e+00,4.643549919128417969e-01,1.000000000000000000e+00,1.000000000000000000e+00,1.000000000000000000e+00,4.394530057907104492e-01,1.000000000000000000e+00,1.000000000000000000e+00,0.000000000000000000e+00,2.675780057907104492e-01,1.000000000000000000e+00,1.000000000000000000e+00,1.000000000000000000e+00,1.000000000000000000e+00,1.000000000000000000e+00,1.000000000000000000e+00,1.000000000000000000e+00,1.000000000000000000e+00,1.000000000000000000e+00,1.000000000000000000e+00
1.000000000000000000e+00,1.000000000000000000e+00,1.000000000000000000e+00,1.000000000000000000e+00,4.638670086860656738e-01,1.000000000000000000e+00,1.000000000000000000e+00,1.000000000000000000e+00,1.000000000000000000e+00,1.000000000000000000e+00,1.000000000000000000e+00,1.000000000000000000e+00,1.000000000000000000e+00,4.365229904651641846e-01,1.000000000000000000e+00,1.000000000000000000e+00,1.000000000000000000e+00,1.000000000000000000e+00,4.482420086860656738e-01,1.000000000000000000e+00,1.000000000000000000e+00,1.000000000000000000e+00,1.000000000000000000e+00,1.000000000000000000e+00,1.000000000000000000e+00,1.000000000000000000e+00,1.000000000000000000e+00,1.000000000000000000e+00,1.000000000000000000e+00,1.000000000000000000e+00,1.000000000000000000e+00,1.000000000000000000e+00,1.000000000000000000e+00,1.000000000000000000e+00,1.000000000000000000e+00,1.000000000000000000e+00,1.000000000000000000e+00,1.000000000000000000e+00,1.000000000000000000e+00,1.000000000000000000e+00,1.000000000000000000e+00,1.000000000000000000e+00,1.000000000000000000e+00,1.000000000000000000e+00,1.000000000000000000e+00,1.000000000000000000e+00,1.000000000000000000e+00,1.000000000000000000e+00,1.000000000000000000e+00,1.000000000000000000e+00,1.000000000000000000e+00,1.000000000000000000e+00,1.000000000000000000e+00,4.672850072383880615e-01,4.243159890174865723e-01,1.000000000000000000e+00,1.000000000000000000e+00,1.000000000000000000e+00,1.000000000000000000e+00,4.667969942092895508e-01,1.000000000000000000e+00,4.350590109825134277e-01,4.628910124301910400e-01,1.000000000000000000e+00,1.000000000000000000e+00,1.000000000000000000e+00,1.000000000000000000e+00,4.248049855232238770e-01,1.000000000000000000e+00,4.453119933605194092e-01,4.116210043430328369e-01,1.000000000000000000e+00,4.101560115814208984e-01,1.000000000000000000e+00,1.000000000000000000e+00,4.350590109825134277e-01,1.000000000000000000e+00,1.000000000000000000e+00,4.428710043430328369e-01,1.000000000000000000e+00,1.000000000000000000e+00,1.000000000000000000e+00,4.140619933605194092e-01,1.000000000000000000e+00,1.000000000000000000e+00,2.675780057907104492e-01,0.000000000000000000e+00,1.000000000000000000e+00,1.000000000000000000e+00,1.000000000000000000e+00,1.000000000000000000e+00,1.000000000000000000e+00,1.000000000000000000e+00,1.000000000000000000e+00,1.000000000000000000e+00,1.000000000000000000e+00,1.000000000000000000e+00
4.267579913139343262e-01,1.000000000000000000e+00,4.199219942092895508e-01,4.111329913139343262e-01,1.000000000000000000e+00,4.248049855232238770e-01,1.000000000000000000e+00,1.000000000000000000e+00,1.000000000000000000e+00,1.000000000000000000e+00,1.000000000000000000e+00,4.257810115814208984e-01,1.000000000000000000e+00,4.321289956569671631e-01,1.000000000000000000e+00,1.000000000000000000e+00,4.145509898662567139e-01,1.000000000000000000e+00,1.000000000000000000e+00,1.000000000000000000e+00,1.000000000000000000e+00,1.000000000000000000e+00,1.000000000000000000e+00,1.000000000000000000e+00,1.000000000000000000e+00,1.000000000000000000e+00,1.000000000000000000e+00,1.000000000000000000e+00,1.000000000000000000e+00,1.000000000000000000e+00,1.000000000000000000e+00,1.000000000000000000e+00,1.000000000000000000e+00,1.000000000000000000e+00,1.000000000000000000e+00,1.000000000000000000e+00,1.000000000000000000e+00,1.000000000000000000e+00,1.000000000000000000e+00,1.000000000000000000e+00,1.000000000000000000e+00,1.000000000000000000e+00,1.000000000000000000e+00,1.000000000000000000e+00,1.000000000000000000e+00,1.000000000000000000e+00,1.000000000000000000e+00,1.000000000000000000e+00,1.000000000000000000e+00,1.000000000000000000e+00,1.000000000000000000e+00,1.000000000000000000e+00,1.000000000000000000e+00,1.000000000000000000e+00,1.000000000000000000e+00,1.000000000000000000e+00,1.000000000000000000e+00,1.000000000000000000e+00,4.199219942092895508e-01,1.000000000000000000e+00,1.000000000000000000e+00,4.189450144767761230e-01,4.506840109825134277e-01,1.000000000000000000e+00,1.000000000000000000e+00,4.360350072383880615e-01,4.296880066394805908e-01,4.311519861221313477e-01,1.000000000000000000e+00,1.000000000000000000e+00,1.000000000000000000e+00,1.000000000000000000e+00,1.000000000000000000e+00,1.000000000000000000e+00,4.018549919128417969e-01,1.000000000000000000e+00,4.062500000000000000e-01,1.000000000000000000e+00,4.511719942092895508e-01,1.000000000000000000e+00,1.000000000000000000e+00,1.000000000000000000e+00,1.000000000000000000e+00,1.000000000000000000e+00,1.000000000000000000e+00,1.000000000000000000e+00,1.000000000000000000e+00,0.000000000000000000e+00,1.000000000000000000e+00,3.652339875698089600e-01,3.720700144767761230e-01,3.969730138778686523e-01,3.984380066394805908e-01,1.000000000000000000e+00,1.000000000000000000e+00,1.000000000000000000e+00,1.000000000000000000e+00
1.000000000000000000e+00,1.000000000000000000e+00,1.000000000000000000e+00,1.000000000000000000e+00,1.000000000000000000e+00,1.000000000000000000e+00,1.000000000000000000e+00,1.000000000000000000e+00,1.000000000000000000e+00,1.000000000000000000e+00,1.000000000000000000e+00,1.000000000000000000e+00,1.000000000000000000e+00,1.000000000000000000e+00,1.000000000000000000e+00,1.000000000000000000e+00,1.000000000000000000e+00,4.501950144767761230e-01,1.000000000000000000e+00,1.000000000000000000e+00,1.000000000000000000e+00,1.000000000000000000e+00,1.000000000000000000e+00,1.000000000000000000e+00,1.000000000000000000e+00,1.000000000000000000e+00,1.000000000000000000e+00,1.000000000000000000e+00,1.000000000000000000e+00,1.000000000000000000e+00,1.000000000000000000e+00,1.000000000000000000e+00,1.000000000000000000e+00,1.000000000000000000e+00,1.000000000000000000e+00,1.000000000000000000e+00,1.000000000000000000e+00,1.000000000000000000e+00,1.000000000000000000e+00,1.000000000000000000e+00,1.000000000000000000e+00,1.000000000000000000e+00,1.000000000000000000e+00,1.000000000000000000e+00,1.000000000000000000e+00,1.000000000000000000e+00,1.000000000000000000e+00,1.000000000000000000e+00,1.000000000000000000e+00,1.000000000000000000e+00,1.000000000000000000e+00,1.000000000000000000e+00,4.375000000000000000e-01,1.000000000000000000e+00,1.000000000000000000e+00,1.000000000000000000e+00,1.000000000000000000e+00,1.000000000000000000e+00,1.000000000000000000e+00,1.000000000000000000e+00,1.000000000000000000e+00,1.000000000000000000e+00,1.000000000000000000e+00,1.000000000000000000e+00,1.000000000000000000e+00,1.000000000000000000e+00,1.000000000000000000e+00,1.000000000000000000e+00,1.000000000000000000e+00,1.000000000000000000e+00,1.000000000000000000e+00,1.000000000000000000e+00,1.000000000000000000e+00,1.000000000000000000e+00,1.000000000000000000e+00,1.000000000000000000e+00,1.000000000000000000e+00,1.000000000000000000e+00,1.000000000000000000e+00,1.000000000000000000e+00,1.000000000000000000e+00,1.000000000000000000e+00,1.000000000000000000e+00,1.000000000000000000e+00,1.000000000000000000e+00,1.000000000000000000e+00,1.000000000000000000e+00,1.000000000000000000e+00,0.000000000000000000e+00,1.000000000000000000e+00,1.000000000000000000e+00,1.000000000000000000e+00,1.000000000000000000e+00,1.000000000000000000e+00,1.000000000000000000e+00,1.000000000000000000e+00,4.707030057907104492e-01
3.974609971046447754e-01,1.000000000000000000e+00,4.228520095348358154e-01,4.199219942092895508e-01,1.000000000000000000e+00,4.296880066394805908e-01,1.000000000000000000e+00,1.000000000000000000e+00,1.000000000000000000e+00,1.000000000000000000e+00,1.000000000000000000e+00,4.179689884185791016e-01,1.000000000000000000e+00,4.506840109825134277e-01,1.000000000000000000e+00,1.000000000000000000e+00,4.077149927616119385e-01,1.000000000000000000e+00,1.000000000000000000e+00,1.000000000000000000e+00,1.000000000000000000e+00,1.000000000000000000e+00,1.000000000000000000e+00,1.000000000000000000e+00,1.000000000000000000e+00,1.000000000000000000e+00,1.000000000000000000e+00,1.000000000000000000e+00,1.000000000000000000e+00,1.000000000000000000e+00,1.000000000000000000e+00,1.000000000000000000e+00,1.000000000000000000e+00,1.000000000000000000e+00,1.000000000000000000e+00,1.000000000000000000e+00,1.000000000000000000e+00,1.000000000000000000e+00,1.000000000000000000e+00,1.000000000000000000e+00,1.000000000000000000e+00,1.000000000000000000e+00,1.000000000000000000e+00,1.000000000000000000e+00,1.000000000000000000e+00,1.000000000000000000e+00,1.000000000000000000e+00,1.000000000000000000e+00,1.000000000000000000e+00,1.000000000000000000e+00,1.000000000000000000e+00,1.000000000000000000e+00,1.000000000000000000e+00,1.000000000000000000e+00,1.000000000000000000e+00,1.000000000000000000e+00,1.000000000000000000e+00,1.000000000000000000e+00,4.589839875698089600e-01,1.000000000000000000e+00,1.000000000000000000e+00,4.267579913139343262e-01,4.604490101337432861e-01,1.000000000000000000e+00,1.000000000000000000e+00,4.633789956569671631e-01,4.345700144767761230e-01,4.311519861221313477e-01,1.000000000000000000e+00,1.000000000000000000e+00,1.000000000000000000e+00,1.000000000000000000e+00,1.000000000000000000e+00,1.000000000000000000e+00,4.145509898662567139e-01,1.000000000000000000e+00,4.580079913139343262e-01,1.000000000000000000e+00,4.550780057907104492e-01,1.000000000000000000e+00,1.000000000000000000e+00,1.000000000000000000e+00,1.000000000000000000e+00,1.000000000000000000e+00,1.000000000000000000e+00,1.000000000000000000e+00,1.000000000000000000e+00,3.652339875698089600e-01,1.000000000000000000e+00,0.000000000000000000e+00,2.705079913139343262e-01,3.940429985523223877e-01,4.296880066394805908e-01,1.000000000000000000e+00,1.000000000000000000e+00,1.000000000000000000e+00,1.000000000000000000e+00
4.238280057907104492e-01,1.000000000000000000e+00,4.394530057907104492e-01,4.218750000000000000e-01,1.000000000000000000e+00,4.169920086860656738e-01,1.000000000000000000e+00,1.000000000000000000e+00,1.000000000000000000e+00,1.000000000000000000e+00,1.000000000000000000e+00,4.296880066394805908e-01,1.000000000000000000e+00,4.672850072383880615e-01,1.000000000000000000e+00,1.000000000000000000e+00,4.067380130290985107e-01,1.000000000000000000e+00,1.000000000000000000e+00,1.000000000000000000e+00,1.000000000000000000e+00,1.000000000000000000e+00,1.000000000000000000e+00,1.000000000000000000e+00,1.000000000000000000e+00,1.000000000000000000e+00,1.000000000000000000e+00,1.000000000000000000e+00,1.000000000000000000e+00,1.000000000000000000e+00,1.000000000000000000e+00,1.000000000000000000e+00,1.000000000000000000e+00,1.000000000000000000e+00,1.000000000000000000e+00,1.000000000000000000e+00,1.000000000000000000e+00,1.000000000000000000e+00,1.000000000000000000e+00,1.000000000000000000e+00,1.000000000000000000e+00,1.000000000000000000e+00,1.000000000000000000e+00,1.000000000000000000e+00,1.000000000000000000e+00,1.000000000000000000e+00,1.000000000000000000e+00,1.000000000000000000e+00,1.000000000000000000e+00,1.000000000000000000e+00,1.000000000000000000e+00,1.000000000000000000e+00,1.000000000000000000e+00,1.000000000000000000e+00,1.000000000000000000e+00,1.000000000000000000e+00,1.000000000000000000e+00,1.000000000000000000e+00,4.570310115814208984e-01,1.000000000000000000e+00,1.000000000000000000e+00,4.228520095348358154e-01,4.711909890174865723e-01,1.000000000000000000e+00,1.000000000000000000e+00,4.604490101337432861e-01,4.218750000000000000e-01,4.096679985523223877e-01,1.000000000000000000e+00,1.000000000000000000e+00,1.000000000000000000e+00,1.000000000000000000e+00,1.000000000000000000e+00,1.000000000000000000e+00,4.086909890174865723e-01,1.000000000000000000e+00,4.511719942092895508e-01,1.000000000000000000e+00,4.628910124301910400e-01,1.000000000000000000e+00,1.000000000000000000e+00,1.000000000000000000e+00,1.000000000000000000e+00,1.000000000000000000e+00,1.000000000000000000e+00,1.000000000000000000e+00,1.000000000000000000e+00,3.720700144767761230e-01,1.000000000000000000e+00,2.705079913139343262e-01,0.000000000000000000e+00,3.725590109825134277e-01,3.876950144767761230e-01,1.000000000000000000e+00,1.000000000000000000e+00,1.000000000000000000e+00,1.000000000000000000e+00
4.428710043430328369e-01,1.000000000000000000e+00,4.604490101337432861e-01,4.506840109825134277e-01,1.000000000000000000e+00,4.467769861221313477e-01,1.000000000000000000e+00,1.000000000000000000e+00,1.000000000000000000e+00,1.000000000000000000e+00,1.000000000000000000e+00,4.311519861221313477e-01,1.000000000000000000e+00,4.423829913139343262e-01,1.000000000000000000e+00,1.000000000000000000e+00,4.199219942092895508e-01,1.000000000000000000e+00,1.000000000000000000e+00,1.000000000000000000e+00,1.000000000000000000e+00,1.000000000000000000e+00,1.000000000000000000e+00,1.000000000000000000e+00,1.000000000000000000e+00,1.000000000000000000e+00,1.000000000000000000e+00,1.000000000000000000e+00,1.000000000000000000e+00,1.000000000000000000e+00,1.000000000000000000e+00,1.000000000000000000e+00,1.000000000000000000e+00,1.000000000000000000e+00,1.000000000000000000e+00,1.000000000000000000e+00,1.000000000000000000e+00,1.000000000000000000e+00,1.000000000000000000e+00,1.000000000000000000e+00,1.000000000000000000e+00,1.000000000000000000e+00,1.000000000000000000e+00,1.000000000000000000e+00,1.000000000000000000e+00,1.000000000000000000e+00,1.000000000000000000e+00,1.000000000000000000e+00,1.000000000000000000e+00,1.000000000000000000e+00,1.000000000000000000e+00,1.000000000000000000e+00,1.000000000000000000e+00,1.000000000000000000e+00,1.000000000000000000e+00,1.000000000000000000e+00,1.000000000000000000e+00,1.000000000000000000e+00,4.370119869709014893e-01,1.000000000000000000e+00,1.000000000000000000e+00,4.487299919128417969e-01,4.873049855232238770e-01,1.000000000000000000e+00,1.000000000000000000e+00,4.765619933605194092e-01,4.262700080871582031e-01,4.453119933605194092e-01,1.000000000000000000e+00,1.000000000000000000e+00,1.000000000000000000e+00,1.000000000000000000e+00,1.000000000000000000e+00,1.000000000000000000e+00,4.648439884185791016e-01,1.000000000000000000e+00,4.389649927616119385e-01,1.000000000000000000e+00,4.702149927616119385e-01,1.000000000000000000e+00,1.000000000000000000e+00,1.000000000000000000e+00,1.000000000000000000e+00,1.000000000000000000e+00,1.000000000000000000e+00,1.000000000000000000e+00,1.000000000000000000e+00,3.969730138778686523e-01,1.000000000000000000e+00,3.940429985523223877e-01,3.725590109825134277e-01,0.000000000000000000e+00,3.071289956569671631e-01,1.000000000000000000e+00,1.000000000000000000e+00,1.000000000000000000e+00,1.000000000000000000e+00
4.394530057907104492e-01,4.331049919128417969e-01,4.589839875698089600e-01,4.609380066394805908e-01,1.000000000000000000e+00,4.619140028953552246e-01,1.000000000000000000e+00,1.000000000000000000e+00,1.000000000000000000e+00,1.000000000000000000e+00,1.000000000000000000e+00,4.423829913139343262e-01,1.000000000000000000e+00,4.555659890174865723e-01,1.000000000000000000e+00,1.000000000000000000e+00,4.379880130290985107e-01,1.000000000000000000e+00,1.000000000000000000e+00,1.000000000000000000e+00,1.000000000000000000e+00,1.000000000000000000e+00,1.000000000000000000e+00,1.000000000000000000e+00,1.000000000000000000e+00,1.000000000000000000e+00,1.000000000000000000e+00,1.000000000000000000e+00,1.000000000000000000e+00,1.000000000000000000e+00,1.000000000000000000e+00,1.000000000000000000e+00,1.000000000000000000e+00,1.000000000000000000e+00,1.000000000000000000e+00,1.000000000000000000e+00,1.000000000000000000e+00,1.000000000000000000e+00,1.000000000000000000e+00,1.000000000000000000e+00,1.000000000000000000e+00,1.000000000000000000e+00,1.000000000000000000e+00,1.000000000000000000e+00,1.000000000000000000e+00,1.000000000000000000e+00,1.000000000000000000e+00,1.000000000000000000e+00,1.000000000000000000e+00,1.000000000000000000e+00,1.000000000000000000e+00,1.000000000000000000e+00,1.000000000000000000e+00,1.000000000000000000e+00,1.000000000000000000e+00,1.000000000000000000e+00,1.000000000000000000e+00,1.000000000000000000e+00,4.345700144767761230e-01,1.000000000000000000e+00,1.000000000000000000e+00,4.570310115814208984e-01,4.702149927616119385e-01,1.000000000000000000e+00,1.000000000000000000e+00,4.858399927616119385e-01,4.589839875698089600e-01,4.467769861221313477e-01,1.000000000000000000e+00,1.000000000000000000e+00,1.000000000000000000e+00,1.000000000000000000e+00,1.000000000000000000e+00,1.000000000000000000e+00,4.653320014476776123e-01,1.000000000000000000e+00,4.580079913139343262e-01,1.000000000000000000e+00,4.609380066394805908e-01,1.000000000000000000e+00,1.000000000000000000e+00,1.000000000000000000e+00,1.000000000000000000e+00,1.000000000000000000e+00,1.000000000000000000e+00,1.000000000000000000e+00,1.000000000000000000e+00,3.984380066394805908e-01,1.000000000000000000e+00,4.296880066394805908e-01,3.876950144767761230e-01,3.071289956569671631e-01,0.000000000000000000e+00,1.000000000000000000e+00,1.000000000000000000e+00,1.000000000000000000e+00,1.000000000000000000e+00
1.000000000000000000e+00,1.000000000000000000e+00,1.000000000000000000e+00,1.000000000000000000e+00,4.609380066394805908e-01,1.000000000000000000e+00,4.462890028953552246e-01,4.472660124301910400e-01,4.687500000000000000e-01,4.599609971046447754e-01,1.000000000000000000e+00,1.000000000000000000e+00,4.726560115814208984e-01,1.000000000000000000e+00,1.000000000000000000e+00,4.501950144767761230e-01,1.000000000000000000e+00,1.000000000000000000e+00,1.000000000000000000e+00,1.000000000000000000e+00,1.000000000000000000e+00,1.000000000000000000e+00,1.000000000000000000e+00,1.000000000000000000e+00,1.000000000000000000e+00,4.487299919128417969e-01,1.000000000000000000e+00,4.677729904651641846e-01,1.000000000000000000e+00,1.000000000000000000e+00,1.000000000000000000e+00,1.000000000000000000e+00,4.667969942092895508e-01,4.458009898662567139e-01,1.000000000000000000e+00,1.000000000000000000e+00,1.000000000000000000e+00,1.000000000000000000e+00,1.000000000000000000e+00,1.000000000000000000e+00,1.000000000000000000e+00,1.000000000000000000e+00,1.000000000000000000e+00,1.000000000000000000e+00,1.000000000000000000e+00,1.000000000000000000e+00,1.000000000000000000e+00,1.000000000000000000e+00,1.000000000000000000e+00,1.000000000000000000e+00,1.000000000000000000e+00,1.000000000000000000e+00,1.000000000000000000e+00,1.000000000000000000e+00,4.340820014476776123e-01,4.736329913139343262e-01,1.000000000000000000e+00,1.000000000000000000e+00,1.000000000000000000e+00,4.580079913139343262e-01,1.000000000000000000e+00,1.000000000000000000e+00,1.000000000000000000e+00,4.384770095348358154e-01,4.785160124301910400e-01,1.000000000000000000e+00,1.000000000000000000e+00,1.000000000000000000e+00,4.453119933605194092e-01,4.951170086860656738e-01,4.389649927616119385e-01,1.000000000000000000e+00,4.277339875698089600e-01,4.526369869709014893e-01,1.000000000000000000e+00,4.672850072383880615e-01,1.000000000000000000e+00,1.000000000000000000e+00,1.000000000000000000e+00,1.000000000000000000e+00,1.000000000000000000e+00,1.000000000000000000e+00,4.326170086860656738e-01,1.000000000000000000e+00,1.000000000000000000e+00,1.000000000000000000e+00,1.000000000000000000e+00,1.000000000000000000e+00,1.000000000000000000e+00,1.000000000000000000e+00,1.000000000000000000e+00,1.000000000000000000e+00,1.000000000000000000e+00,0.000000000000000000e+00,1.000000000000000000e+00,1.000000000000000000e+00,1.000000000000000000e+00
1.000000000000000000e+00,4.287109971046447754e-01,1.000000000000000000e+00,4.399409890174865723e-01,1.000000000000000000e+00,4.448240101337432861e-01,1.000000000000000000e+00,1.000000000000000000e+00,1.000000000000000000e+00,1.000000000000000000e+00,1.000000000000000000e+00,1.000000000000000000e+00,1.000000000000000000e+00,1.000000000000000000e+00,1.000000000000000000e+00,1.000000000000000000e+00,3.808589875698089600e-01,1.000000000000000000e+00,1.000000000000000000e+00,4.228520095348358154e-01,4.682619869709014893e-01,4.252929985523223877e-01,4.379880130290985107e-01,4.262700080871582031e-01,4.482420086860656738e-01,1.000000000000000000e+00,4.516600072383880615e-01,1.000000000000000000e+00,4.531250000000000000e-01,4.619140028953552246e-01,4.755859971046447754e-01,1.000000000000000000e+00,1.000000000000000000e+00,1.000000000000000000e+00,1.000000000000000000e+00,1.000000000000000000e+00,1.000000000000000000e+00,4.438480138778686523e-01,4.482420086860656738e-01,4.057619869709014893e-01,4.155269861221313477e-01,4.238280057907104492e-01,4.291990101337432861e-01,4.213869869709014893e-01,4.228520095348358154e-01,4.287109971046447754e-01,4.155269861221313477e-01,4.091799855232238770e-01,4.106450080871582031e-01,4.223630130290985107e-01,4.291990101337432861e-01,4.130859971046447754e-01,1.000000000000000000e+00,1.000000000000000000e+00,1.000000000000000000e+00,1.000000000000000000e+00,1.000000000000000000e+00,1.000000000000000000e+00,4.604490101337432861e-01,1.000000000000000000e+00,1.000000000000000000e+00,1.000000000000000000e+00,1.000000000000000000e+00,1.000000000000000000e+00,1.000000000000000000e+00,4.521479904651641846e-01,1.000000000000000000e+00,1.000000000000000000e+00,1.000000000000000000e+00,1.000000000000000000e+00,1.000000000000000000e+00,1.000000000000000000e+00,1.000000000000000000e+00,1.000000000000000000e+00,4.296880066394805908e-01,1.000000000000000000e+00,4.125980138778686523e-01,4.423829913139343262e-01,1.000000000000000000e+00,1.000000000000000000e+00,1.000000000000000000e+00,1.000000000000000000e+00,1.000000000000000000e+00,4.643549919128417969e-01,1.000000000000000000e+00,1.000000000000000000e+00,1.000000000000000000e+00,1.000000000000000000e+00,1.000000000000000000e+00,1.000000000000000000e+00,1.000000000000000000e+00,1.000000000000000000e+00,1.000000000000000000e+00,1.000000000000000000e+00,0.000000000000000000e+00,4.375000000000000000e-01,1.000000000000000000e+00
1.000000000000000000e+00,4.169920086860656738e-01,1.000000000000000000e+00,4.311519861221313477e-01,1.000000000000000000e+00,4.282230138778686523e-01,1.000000000000000000e+00,1.000000000000000000e+00,1.000000000000000000e+00,1.000000000000000000e+00,1.000000000000000000e+00,1.000000000000000000e+00,1.000000000000000000e+00,1.000000000000000000e+00,4.042969942092895508e-01,1.000000000000000000e+00,1.000000000000000000e+00,1.000000000000000000e+00,1.000000000000000000e+00,4.443359971046447754e-01,4.536130130290985107e-01,4.448240101337432861e-01,4.184570014476776123e-01,4.418950080871582031e-01,4.375000000000000000e-01,1.000000000000000000e+00,4.243159890174865723e-01,1.000000000000000000e+00,4.619140028953552246e-01,4.667969942092895508e-01,4.628910124301910400e-01,4.692380130290985107e-01,1.000000000000000000e+00,1.000000000000000000e+00,1.000000000000000000e+00,4.541020095348358154e-01,4.555659890174865723e-01,4.545899927616119385e-01,4.462890028953552246e-01,4.399409890174865723e-01,4.272460043430328369e-01,4.130859971046447754e-01,4.301759898662567139e-01,4.096679985523223877e-01,4.423829913139343262e-01,4.501950144767761230e-01,4.086909890174865723e-01,4.326170086860656738e-01,4.252929985523223877e-01,4.116210043430328369e-01,4.047850072383880615e-01,4.277339875698089600e-01,1.000000000000000000e+00,1.000000000000000000e+00,1.000000000000000000e+00,1.000000000000000000e+00,1.000000000000000000e+00,1.000000000000000000e+00,1.000000000000000000e+00,1.000000000000000000e+00,1.000000000000000000e+00,1.000000000000000000e+00,1.000000000000000000e+00,1.000000000000000000e+00,1.000000000000000000e+00,4.609380066394805908e-01,1.000000000000000000e+00,1.000000000000000000e+00,1.000000000000000000e+00,1.000000000000000000e+00,1.000000000000000000e+00,1.000000000000000000e+00,1.000000000000000000e+00,1.000000000000000000e+00,1.000000000000000000e+00,1.000000000000000000e+00,1.000000000000000000e+00,4.238280057907104492e-01,1.000000000000000000e+00,1.000000000000000000e+00,1.000000000000000000e+00,1.000000000000000000e+00,1.000000000000000000e+00,4.663090109825134277e-01,1.000000000000000000e+00,1.000000000000000000e+00,1.000000000000000000e+00,1.000000000000000000e+00,1.000000000000000000e+00,1.000000000000000000e+00,1.000000000000000000e+00,1.000000000000000000e+00,1.000000000000000000e+00,1.000000000000000000e+00,4.375000000000000000e-01,0.000000000000000000e+00,1.000000000000000000e+00
1.000000000000000000e+00,1.000000000000000000e+00,1.000000000000000000e+00,1.000000000000000000e+00,1.000000000000000000e+00,1.000000000000000000e+00,1.000000000000000000e+00,1.000000000000000000e+00,1.000000000000000000e+00,1.000000000000000000e+00,1.000000000000000000e+00,1.000000000000000000e+00,1.000000000000000000e+00,1.000000000000000000e+00,1.000000000000000000e+00,1.000000000000000000e+00,1.000000000000000000e+00,4.912109971046447754e-01,1.000000000000000000e+00,1.000000000000000000e+00,1.000000000000000000e+00,1.000000000000000000e+00,1.000000000000000000e+00,1.000000000000000000e+00,1.000000000000000000e+00,1.000000000000000000e+00,1.000000000000000000e+00,1.000000000000000000e+00,1.000000000000000000e+00,1.000000000000000000e+00,1.000000000000000000e+00,1.000000000000000000e+00,1.000000000000000000e+00,1.000000000000000000e+00,1.000000000000000000e+00,1.000000000000000000e+00,1.000000000000000000e+00,1.000000000000000000e+00,1.000000000000000000e+00,1.000000000000000000e+00,1.000000000000000000e+00,1.000000000000000000e+00,1.000000000000000000e+00,1.000000000000000000e+00,1.000000000000000000e+00,1.000000000000000000e+00,1.000000000000000000e+00,1.000000000000000000e+00,1.000000000000000000e+00,1.000000000000000000e+00,1.000000000000000000e+00,1.000000000000000000e+00,4.726560115814208984e-01,1.000000000000000000e+00,1.000000000000000000e+00,1.000000000000000000e+00,1.000000000000000000e+00,1.000000000000000000e+00,1.000000000000000000e+00,1.000000000000000000e+00,1.000000000000000000e+00,1.000000000000000000e+00,1.000000000000000000e+00,1.000000000000000000e+00,1.000000000000000000e+00,1.000000000000000000e+00,1.000000000000000000e+00,1.000000000000000000e+00,1.000000000000000000e+00,1.000000000000000000e+00,1.000000000000000000e+00,1.000000000000000000e+00,1.000000000000000000e+00,1.000000000000000000e+00,1.000000000000000000e+00,1.000000000000000000e+00,1.000000000000000000e+00,1.000000000000000000e+00,1.000000000000000000e+00,1.000000000000000000e+00,1.000000000000000000e+00,1.000000000000000000e+00,1.000000000000000000e+00,1.000000000000000000e+00,1.000000000000000000e+00,1.000000000000000000e+00,1.000000000000000000e+00,1.000000000000000000e+00,4.707030057907104492e-01,1.000000000000000000e+00,1.000000000000000000e+00,1.000000000000000000e+00,1.000000000000000000e+00,1.000000000000000000e+00,1.000000000000000000e+00,1.000000000000000000e+00,0.000000000000000000e+00
